film,month,comments
Badarawuhi di Desa Penari (2024),2024-10,456
Badarawuhi di Desa Penari (2024),2025-10,25
Badarawuhi di Desa Penari (2024),2025-11,1
Badarawuhi di Desa Penari (2024),2026-01,2
Badarawuhi di Desa Penari (2024),2026-02,1
Badarawuhi di Desa Penari (2024),2026-03,1
Badarawuhi di Desa Penari (2024),2026-04,1
Badarawuhi di Desa Penari (2024),2026-06,1
Badarawuhi di Desa Penari (2024),2026-09,12
Catatan Harian Menantu Sinting (2024),2024-10,253
Catatan Harian Menantu Sinting (2024),2025-10,2
Catatan Harian Menantu Sinting (2024),2026-01,1
Catatan Harian Menantu Sinting (2024),2026-03,1
Danur: The Last Chapter (2026),2026-01,130
Danur: The Last Chapter (2026),2026-02,188
Danur: The Last Chapter (2026),2026-03,13
Danur: The Last Chapter (2026),2026-04,17
Danur: The Last Chapter (2026),2026-05,6
Danur: The Last Chapter (2026),2026-08,1
Danur: The Last Chapter (2026),2026-09,1
IVANNA (2022),2022-10,466
IVANNA (2022),2023-10,22
IVANNA (2022),2024-10,4
IVANNA (2022),2025-10,5
IVANNA (2022),2025-11,1
IVANNA (2022),2026-02,1
IVANNA (2022),2026-07,1
Indigo: What Do You See? (2023),2023-10,446
Indigo: What Do You See? (2023),2024-10,301
Indigo: What Do You See? (2023),2025-10,31
Indigo: What Do You See? (2023),2025-11,1
Indigo: What Do You See? (2023),2025-12,3
Indigo: What Do You See? (2023),2026-01,1
Indigo: What Do You See? (2023),2026-03,1
Indigo: What Do You See? (2023),2026-04,1
Indigo: What Do You See? (2023),2026-06,1
Indigo: What Do You See? (2023),2026-07,2
Indigo: What Do You See? (2023),2026-08,1
Indigo: What Do You See? (2023),2026-09,2
Indigo: What Do You See? (2023),2026-10,2
Ipar Adalah Maut (2024),2024-10,367
Ipar Adalah Maut (2024),2025-10,43
Ipar Adalah Maut (2024),2025-12,3
Ipar Adalah Maut (2024),2026-01,4
Ipar Adalah Maut (2024),2026-04,3
Ipar Adalah Maut (2024),2026-06,1
Ipar Adalah Maut (2024),2026-07,1
Ipar Adalah Maut (2024),2026-08,1
Ipar Adalah Maut (2024),2026-09,3
Janur Ireng: Sewu Dino Prequel (2025/2026),2025-10,214
Janur Ireng: Sewu Dino Prequel (2025/2026),2025-11,9
Janur Ireng: Sewu Dino Prequel (2025/2026),2025-12,140
Janur Ireng: Sewu Dino Prequel (2025/2026),2026-01,138
Janur Ireng: Sewu Dino Prequel (2025/2026),2026-02,20
Janur Ireng: Sewu Dino Prequel (2025/2026),2026-03,3
Janur Ireng: Sewu Dino Prequel (2025/2026),2026-04,3
Janur Ireng: Sewu Dino Prequel (2025/2026),2026-05,9
Janur Ireng: Sewu Dino Prequel (2025/2026),2026-06,4
Janur Ireng: Sewu Dino Prequel (2025/2026),2026-07,2
Janur Ireng: Sewu Dino Prequel (2025/2026),2026-08,1
Janur Ireng: Sewu Dino Prequel (2025/2026),2026-09,2
Jurnal Risa by Risa Saraswati (2024),2024-10,715
Jurnal Risa by Risa Saraswati (2024),2025-10,74
Jurnal Risa by Risa Saraswati (2024),2025-12,1
Jurnal Risa by Risa Saraswati (2024),2026-03,1
Jurnal Risa by Risa Saraswati (2024),2026-05,1
Mata Batin (2017),2020-10,3
Mata Batin (2017),2021-10,24
Mata Batin (2017),2022-10,40
Mata Batin (2017),2023-10,21
Mata Batin (2017),2024-10,13
Mata Batin (2017),2025-10,4
Perewangan (2024),2024-10,103
Perewangan (2024),2025-10,192
Perewangan (2024),2025-12,1
Perewangan (2024),2026-04,1
Perewangan (2024),2026-05,1
Perewangan (2024),2026-08,1
Racun Sangga: Santet Pemisah Rumah Tangga (2024),2025-10,191
Racun Sangga: Santet Pemisah Rumah Tangga (2024),2025-12,3
Racun Sangga: Santet Pemisah Rumah Tangga (2024),2026-01,1
Racun Sangga: Santet Pemisah Rumah Tangga (2024),2026-02,1
Racun Sangga: Santet Pemisah Rumah Tangga (2024),2026-04,1
Racun Sangga: Santet Pemisah Rumah Tangga (2024),2026-05,1
Santet Segoro Pitu (2024),2025-10,408
Santet Segoro Pitu (2024),2025-11,3
Santet Segoro Pitu (2024),2025-12,1
Santet Segoro Pitu (2024),2026-03,2
Santet Segoro Pitu (2024),2026-04,2
Santet Segoro Pitu (2024),2026-05,1
Santet Segoro Pitu (2024),2026-06,1
Santet Segoro Pitu (2024),2026-07,2
Santet Segoro Pitu (2024),2026-08,3
Santet Segoro Pitu (2024),2026-09,1
Santet Segoro Pitu (2024),2026-10,1
Siccin 8,2025-10,18
Siccin 8,2025-12,2
Siccin 8,2026-03,1
Suzzanna: Bernapas dalam Kubur (2018),2019-10,268
Suzzanna: Bernapas dalam Kubur (2018),2020-10,85
Suzzanna: Bernapas dalam Kubur (2018),2021-10,44
Suzzanna: Bernapas dalam Kubur (2018),2022-10,29
Suzzanna: Bernapas dalam Kubur (2018),2023-10,40
Suzzanna: Bernapas dalam Kubur (2018),2024-10,14
Suzzanna: Bernapas dalam Kubur (2018),2025-10,8
Suzzanna: Bernapas dalam Kubur (2018),2025-11,3
Suzzanna: Bernapas dalam Kubur (2018),2026-02,1
Suzzanna: Bernapas dalam Kubur (2018),2026-04,3
Suzzanna: Bernapas dalam Kubur (2018),2026-05,1
Suzzanna: Bernapas dalam Kubur (2018),2026-07,1
Suzzanna: Bernapas dalam Kubur (2018),2026-08,3
Suzzanna: Malam Jumat Kliwon (2023),2023-10,1673
Suzzanna: Malam Jumat Kliwon (2023),2024-10,36
Suzzanna: Malam Jumat Kliwon (2023),2025-10,12
Suzzanna: Malam Jumat Kliwon (2023),2026-01,2
Suzzanna: Malam Jumat Kliwon (2023),2026-04,4
Suzzanna: Malam Jumat Kliwon (2023),2026-08,1
Suzzanna: Santet Dosa di Atas Dosa (2026),2025-11,175
Suzzanna: Santet Dosa di Atas Dosa (2026),2025-12,47
Suzzanna: Santet Dosa di Atas Dosa (2026),2026-01,176
Suzzanna: Santet Dosa di Atas Dosa (2026),2026-02,352
Suzzanna: Santet Dosa di Atas Dosa (2026),2026-03,105
Suzzanna: Santet Dosa di Atas Dosa (2026),2026-04,310
Suzzanna: Santet Dosa di Atas Dosa (2026),2026-05,17
Suzzanna: Santet Dosa di Atas Dosa (2026),2026-06,14
Suzzanna: Santet Dosa di Atas Dosa (2026),2026-07,3
Suzzanna: Santet Dosa di Atas Dosa (2026),2026-08,12
Suzzanna: Santet Dosa di Atas Dosa (2026),2026-09,3
Suzzanna: Santet Dosa di Atas Dosa (2026),2026-10,1
The Doll 3 (2022),2022-10,299
The Doll 3 (2022),2023-10,150
The Doll 3 (2022),2024-10,73
The Doll 3 (2022),2025-10,70
The Doll 3 (2022),2025-11,1
The Doll 3 (2022),2025-12,2
The Doll 3 (2022),2026-01,3
The Doll 3 (2022),2026-02,3
The Doll 3 (2022),2026-03,4
The Doll 3 (2022),2026-04,10
The Doll 3 (2022),2026-05,6
The Doll 3 (2022),2026-06,17
The Doll 3 (2022),2026-07,16
The Doll 3 (2022),2026-08,11
The Doll 3 (2022),2026-09,14
The Doll 3 (2022),2026-10,1
