vertex_1,vertex_2,weight,edge_type,line_color
emo_joy,kw_keren,0.902,lexical_trigger,#cbd5e1
emo_joy,kw_mantap,0.722,lexical_trigger,#cbd5e1
emo_joy,kw_puas,0.751,lexical_trigger,#cbd5e1
emo_joy,kw_asik,0.893,lexical_trigger,#cbd5e1
emo_joy,kw_hebat,0.726,lexical_trigger,#cbd5e1
emo_joy,mod_reels,0.85,modality_affiliation,#cbd5e1
emo_joy,mod_story,0.85,modality_affiliation,#cbd5e1
emo_joy,mod_likes,0.6,modality_affiliation,#cbd5e1
emo_joy,mod_share,0.6,modality_affiliation,#cbd5e1
emo_joy,mod_live,0.6,modality_affiliation,#cbd5e1
emo_joy,emo_optimism,0.88,affective_transition,#cbd5e1
emo_joy,emo_anticipation,0.79,affective_transition,#cbd5e1
emo_joy,emo_love,0.84,affective_transition,#cbd5e1
emo_anticipation,kw_menunggu,0.74,lexical_trigger,#cbd5e1
emo_anticipation,kw_segera,0.876,lexical_trigger,#cbd5e1
emo_anticipation,kw_rilis,0.94,lexical_trigger,#cbd5e1
emo_anticipation,kw_update,0.673,lexical_trigger,#cbd5e1
emo_anticipation,kw_harapan,0.941,lexical_trigger,#cbd5e1
emo_anticipation,mod_reels,0.85,modality_affiliation,#cbd5e1
emo_anticipation,mod_live,0.6,modality_affiliation,#cbd5e1
emo_trust,kw_rekomendasi,0.944,lexical_trigger,#cbd5e1
emo_trust,kw_amanah,0.735,lexical_trigger,#cbd5e1
emo_trust,kw_trusted,0.685,lexical_trigger,#cbd5e1
emo_trust,kw_terbukti,0.824,lexical_trigger,#cbd5e1
emo_trust,kw_resmi,0.764,lexical_trigger,#cbd5e1
emo_trust,mod_story,0.85,modality_affiliation,#cbd5e1
emo_trust,mod_comments,0.6,modality_affiliation,#cbd5e1
emo_trust,mod_live,0.6,modality_affiliation,#cbd5e1
emo_trust,emo_optimism,0.72,affective_transition,#cbd5e1
emo_optimism,kw_semangat,0.669,lexical_trigger,#cbd5e1
emo_optimism,kw_sukses,0.925,lexical_trigger,#cbd5e1
emo_optimism,kw_bangkit,0.79,lexical_trigger,#cbd5e1
emo_optimism,kw_maju,0.772,lexical_trigger,#cbd5e1
emo_optimism,kw_terbaik,0.929,lexical_trigger,#cbd5e1
emo_optimism,mod_story,0.85,modality_affiliation,#cbd5e1
emo_optimism,mod_likes,0.6,modality_affiliation,#cbd5e1
emo_surprise,kw_kaget,0.724,lexical_trigger,#cbd5e1
emo_surprise,kw_syok,0.8,lexical_trigger,#cbd5e1
emo_surprise,kw_plot_twist,0.682,lexical_trigger,#cbd5e1
emo_surprise,kw_wow,0.779,lexical_trigger,#cbd5e1
emo_surprise,kw_tiba2,0.793,lexical_trigger,#cbd5e1
emo_surprise,mod_reels,0.85,modality_affiliation,#cbd5e1
emo_surprise,mod_comments,0.6,modality_affiliation,#cbd5e1
emo_surprise,mod_share,0.6,modality_affiliation,#cbd5e1
emo_surprise,emo_fear,0.58,affective_transition,#cbd5e1
emo_love,kw_sayang,0.677,lexical_trigger,#cbd5e1
emo_love,kw_cinta,0.737,lexical_trigger,#cbd5e1
emo_love,kw_luv,0.717,lexical_trigger,#cbd5e1
emo_love,kw_manis,0.803,lexical_trigger,#cbd5e1
emo_love,kw_gemes,0.899,lexical_trigger,#cbd5e1
emo_love,mod_reels,0.85,modality_affiliation,#cbd5e1
emo_love,mod_story,0.85,modality_affiliation,#cbd5e1
emo_love,mod_likes,0.6,modality_affiliation,#cbd5e1
emo_sadness,kw_kecewa,0.895,lexical_trigger,#cbd5e1
emo_sadness,kw_sedih,0.804,lexical_trigger,#cbd5e1
emo_sadness,kw_nyesek,0.681,lexical_trigger,#cbd5e1
emo_sadness,kw_patah_hati,0.83,lexical_trigger,#cbd5e1
emo_sadness,kw_tangis,0.716,lexical_trigger,#cbd5e1
emo_sadness,mod_comments,0.6,modality_affiliation,#cbd5e1
emo_sadness,emo_anger,0.69,affective_transition,#cbd5e1
emo_anger,kw_kesal,0.778,lexical_trigger,#cbd5e1
emo_anger,kw_emosi,0.665,lexical_trigger,#cbd5e1
emo_anger,kw_bobrok,0.739,lexical_trigger,#cbd5e1
emo_anger,kw_parah,0.911,lexical_trigger,#cbd5e1
emo_anger,kw_sampah,0.924,lexical_trigger,#cbd5e1
emo_anger,mod_comments,0.6,modality_affiliation,#cbd5e1
emo_anger,mod_share,0.6,modality_affiliation,#cbd5e1
emo_fear,kw_takut,0.787,lexical_trigger,#cbd5e1
emo_fear,kw_waspada,0.788,lexical_trigger,#cbd5e1
emo_fear,kw_scam,0.787,lexical_trigger,#cbd5e1
emo_fear,kw_bahaya,0.708,lexical_trigger,#cbd5e1
emo_fear,kw_curiga,0.761,lexical_trigger,#cbd5e1
emo_fear,mod_share,0.6,modality_affiliation,#cbd5e1
