judul,tanggal_rilis,keyword_trends,video_ids
Suzzanna: Santet Dosa di Atas Dosa,2026-03-18,Suzzanna Santet Dosa di Atas Dosa,
Racun Sangga: Santet Pemisah Rumah Tangga,2024-12-12,Racun Sangga,
Santet Segoro Pitu,2024-11-07,Santet Segoro Pitu,
Catatan Harian Menantu Sinting,2024-07-18,Catatan Harian Menantu Sinting,
Indigo: What Do You See?,2023-10-19,film Indigo,
Suzzanna: Malam Jumat Kliwon,2023-08-03,Suzzanna Malam Jumat Kliwon,
The Doll 3,2022-05-26,The Doll 3,
Suzzanna: Bernapas dalam Kubur,2018-11-15,Suzzanna Bernapas dalam Kubur,
Sabrina,2018-07-12,film Sabrina,
Mata Batin,,Mata Batin,
Badarawuhi di Desa Penari,2024-04-11,Badarawuhi di Desa Penari,
Ipar Adalah Maut,2024-06-13,Ipar Adalah Maut,
Ivanna,2022-07-14,film Ivanna,
Jurnal Risa by Risa Saraswati,2024-07-11,Jurnal Risa,
Perewangan,2024-10-24,film Perewangan,
