film,n,positif,netral,negatif,niat_menonton
IVANNA (2022),500,0.524,0.386,0.09,0.344
Suzzanna: Malam Jumat Kliwon (2023),1728,0.44,0.481,0.078,0.275
Indigo: What Do You See? (2023),793,0.427,0.492,0.081,0.26
Suzzanna: Santet Dosa di Atas Dosa (2026),1215,0.388,0.526,0.086,0.16
Racun Sangga: Santet Pemisah Rumah Tangga (2024),198,0.384,0.535,0.081,0.237
Janur Ireng: Sewu Dino Prequel (2025/2026),545,0.341,0.541,0.117,0.233
Badarawuhi di Desa Penari (2024),500,0.314,0.572,0.114,0.23
Jurnal Risa by Risa Saraswati (2024),792,0.303,0.586,0.111,0.242
Suzzanna: Bernapas dalam Kubur (2018),500,0.302,0.608,0.09,0.154
Santet Segoro Pitu (2024),425,0.292,0.602,0.106,0.212
Danur: The Last Chapter (2026),356,0.247,0.612,0.14,0.132
Perewangan (2024),299,0.247,0.666,0.087,0.194
Ipar Adalah Maut (2024),426,0.228,0.629,0.143,0.181
The Doll 3 (2022),680,0.215,0.654,0.131,0.121
Mata Batin (2017),105,0.181,0.733,0.086,0.114
Catatan Harian Menantu Sinting (2024),257,0.152,0.732,0.117,0.101
Siccin 8,21,0.095,0.714,0.19,0.571
