kpi_domain,kpi_code,metric_name,mathematical_formula,empirical_value,elsevier_benchmark,compliance_status
1. Forecasting Accuracy,KPI-FC-01,MAPE (Mean Absolute Percentage Error),MAPE = (100% / n) * sum(|(y_t - y_hat_t) / y_t|),1.55%,"< 10.0% (Highly Accurate, Lewis 1982)",EXCEEDED (PASS)
1. Forecasting Accuracy,KPI-FC-02,RMSE (Root Mean Squared Error),RMSE = sqrt((1 / n) * sum((y_t - y_hat_t)^2)),1.404 Juta,< 5.00 Juta (Low Variance Tolerance),EXCEEDED (PASS)
1. Forecasting Accuracy,KPI-FC-03,SMAPE (Symmetric MAPE),SMAPE = (100% / n) * sum(2 * |y_t - y_hat_t| / (|y_t| + |y_hat_t|)),1.55%,< 10.0% (Scale-Independent Bounded),EXCEEDED (PASS)
1. Forecasting Accuracy,KPI-FC-04,Theil's U Inequality Coefficient,U = RMSE / (sqrt(mean(y_t^2)) + sqrt(mean(y_hat_t^2))),0.0074,"< 0.2000 (Superior Model, Bliemel 1973)",EXCEEDED (PASS)
2. Network Topology,KPI-NET-01,Graph Density (D),D = 2 * |E| / (|V| * (|V| - 1)),0.8805,> 0.5000 (High Interconnectivity Domain),EXCEEDED (PASS)
2. Network Topology,KPI-NET-02,Betweenness Centrality (Brandes),C_B(v) = sum(sigma_st(v) / sigma_st) for s != v != t,Max = 0.005615,"Continuous Normalization in [0, 1]",PASSED (Brandes 2001)
2. Network Topology,KPI-NET-03,Louvain Modularity (Q),"Q = (1 / 2m) * sum((A_ij - k_i * k_j / 2m) * delta(c_i, c_j))",0.0526,"Q > 0.0 (Non-Random Partition, Blondel 2008)",PASSED
3. Social Media Engagement,KPI-SNA-01,Weighted Engagement Rate (WER),WER_i = (sum(w_k * Interaksi_k) / Followers_i) * 100%,"Reels 42%, Story 28%, Likes 14%, Komen 8%, Share 6%, Live 2%",Sum of weights = 1.0000 (Normalized Axiom),PASSED (Sum = 1.0000)
4. NLP Affective Reliability,KPI-NLP-01,Cohen's Kappa (k) Reliability,k = (p_o - p_e) / (1 - p_e),0.8342,k >= 0.7500 (Landis & Koch Almost Perfect: >= 0.81),EXCEEDED (PASS)
4. NLP Affective Reliability,KPI-NLP-02,ANOVA Inferential F-Statistic,F = MS_between / MS_within,"F = 69.74, p = 3.50e-69",p-value < 0.001 (Statistical Significance),EXCEEDED (p < 0.0001)
4. NLP Affective Reliability,KPI-NLP-03,Effect Size (Eta-Squared eta^2),eta^2 = SS_between / SS_total,0.1043,"eta^2 >= 0.0600 (Moderate-to-Large Effect, Cohen 1988)",EXCEEDED (PASS)
