embedding_index,record_id,embedding_dim
0,IG-000001,768
1,IG-000002,768
2,IG-000003,768
3,IG-000004,768
4,IG-000005,768
5,IG-000006,768
6,IG-000007,768
7,IG-000008,768
8,IG-000009,768
9,IG-000010,768
10,IG-000011,768
11,IG-000012,768
12,IG-000013,768
13,IG-000014,768
14,IG-000015,768
15,IG-000016,768
16,IG-000017,768
17,IG-000018,768
18,IG-000019,768
19,IG-000020,768
20,IG-000021,768
21,IG-000022,768
22,IG-000023,768
23,IG-000024,768
24,IG-000025,768
25,IG-000026,768
26,IG-000027,768
27,IG-000028,768
28,IG-000029,768
29,IG-000030,768
30,IG-000031,768
31,IG-000032,768
32,IG-000033,768
33,IG-000034,768
34,IG-000035,768
35,IG-000036,768
36,IG-000037,768
37,IG-000038,768
38,IG-000039,768
39,IG-000040,768
40,IG-000041,768
41,IG-000042,768
42,IG-000043,768
43,IG-000044,768
44,IG-000045,768
45,IG-000046,768
46,IG-000047,768
47,IG-000048,768
48,IG-000049,768
49,IG-000050,768
50,IG-000051,768
51,IG-000052,768
52,IG-000053,768
53,IG-000054,768
54,IG-000055,768
55,IG-000056,768
56,IG-000057,768
57,IG-000058,768
58,IG-000059,768
59,IG-000060,768
60,IG-000061,768
61,IG-000062,768
62,IG-000063,768
63,IG-000064,768
64,IG-000065,768
65,IG-000066,768
66,IG-000067,768
67,IG-000068,768
68,IG-000069,768
69,IG-000070,768
70,IG-000071,768
71,IG-000072,768
72,IG-000073,768
73,IG-000074,768
74,IG-000075,768
75,IG-000076,768
76,IG-000077,768
77,IG-000078,768
78,IG-000079,768
79,IG-000080,768
80,IG-000081,768
81,IG-000082,768
82,IG-000083,768
83,IG-000084,768
84,IG-000085,768
85,IG-000086,768
86,IG-000087,768
87,IG-000088,768
88,IG-000089,768
89,IG-000090,768
90,IG-000091,768
91,IG-000092,768
92,IG-000093,768
93,IG-000094,768
94,IG-000095,768
95,IG-000096,768
96,IG-000097,768
97,IG-000098,768
98,IG-000099,768
99,IG-000100,768
100,IG-000101,768
101,IG-000102,768
102,IG-000103,768
103,IG-000104,768
104,IG-000105,768
105,IG-000106,768
106,IG-000107,768
107,IG-000108,768
108,IG-000109,768
109,IG-000110,768
110,IG-000111,768
111,IG-000112,768
112,IG-000113,768
113,IG-000114,768
114,IG-000115,768
115,IG-000116,768
116,IG-000117,768
117,IG-000118,768
118,IG-000119,768
119,IG-000120,768
120,IG-000121,768
121,IG-000122,768
122,IG-000123,768
123,IG-000124,768
124,IG-000125,768
125,IG-000126,768
126,IG-000127,768
127,IG-000128,768
128,IG-000129,768
129,IG-000130,768
130,IG-000131,768
131,IG-000132,768
132,IG-000133,768
133,IG-000134,768
134,IG-000135,768
135,IG-000136,768
136,IG-000137,768
137,IG-000138,768
138,IG-000139,768
139,IG-000140,768
140,IG-000141,768
141,IG-000142,768
142,IG-000143,768
143,IG-000144,768
144,IG-000145,768
145,IG-000146,768
146,IG-000147,768
147,IG-000148,768
148,IG-000149,768
149,IG-000150,768
150,IG-000151,768
151,IG-000152,768
152,IG-000153,768
153,IG-000154,768
154,IG-000155,768
155,IG-000156,768
156,IG-000157,768
157,IG-000158,768
158,IG-000159,768
159,IG-000160,768
160,IG-000161,768
161,IG-000162,768
162,IG-000163,768
163,IG-000164,768
164,IG-000165,768
165,IG-000166,768
166,IG-000167,768
167,IG-000168,768
168,IG-000169,768
169,IG-000170,768
170,IG-000171,768
171,IG-000172,768
172,IG-000173,768
173,IG-000174,768
174,IG-000175,768
175,IG-000176,768
176,IG-000177,768
177,IG-000178,768
178,IG-000179,768
179,IG-000180,768
180,IG-000181,768
181,IG-000182,768
182,IG-000183,768
183,IG-000184,768
184,IG-000185,768
185,IG-000186,768
186,IG-000187,768
187,IG-000188,768
188,IG-000189,768
189,IG-000190,768
190,IG-000191,768
191,IG-000192,768
192,IG-000193,768
193,IG-000194,768
194,IG-000195,768
195,IG-000196,768
196,IG-000197,768
197,IG-000198,768
198,IG-000199,768
199,IG-000200,768
200,IG-000201,768
201,IG-000202,768
202,IG-000203,768
203,IG-000204,768
204,IG-000205,768
205,IG-000206,768
206,IG-000207,768
207,IG-000208,768
208,IG-000209,768
209,IG-000210,768
210,IG-000211,768
211,IG-000212,768
212,IG-000213,768
213,IG-000214,768
214,IG-000215,768
215,IG-000216,768
216,IG-000217,768
217,IG-000218,768
218,IG-000219,768
219,IG-000220,768
220,IG-000221,768
221,IG-000222,768
222,IG-000223,768
223,IG-000224,768
224,IG-000225,768
225,IG-000226,768
226,IG-000227,768
227,IG-000228,768
228,IG-000229,768
229,IG-000230,768
230,IG-000231,768
231,IG-000232,768
232,IG-000233,768
233,IG-000234,768
234,IG-000235,768
235,IG-000236,768
236,IG-000237,768
237,IG-000238,768
238,IG-000239,768
239,IG-000240,768
240,IG-000241,768
241,IG-000242,768
242,IG-000243,768
243,IG-000244,768
244,IG-000245,768
245,IG-000246,768
246,IG-000247,768
247,IG-000248,768
248,IG-000249,768
249,IG-000250,768
250,IG-000251,768
251,IG-000252,768
252,IG-000253,768
253,IG-000254,768
254,IG-000255,768
255,IG-000256,768
256,IG-000257,768
257,IG-000258,768
258,IG-000259,768
259,IG-000260,768
260,IG-000261,768
261,IG-000262,768
262,IG-000263,768
263,IG-000264,768
264,IG-000265,768
265,IG-000266,768
266,IG-000267,768
267,IG-000268,768
268,IG-000269,768
269,IG-000270,768
270,IG-000271,768
271,IG-000272,768
272,IG-000273,768
273,IG-000274,768
274,IG-000275,768
275,IG-000276,768
276,IG-000277,768
277,IG-000278,768
278,IG-000279,768
279,IG-000280,768
280,IG-000281,768
281,IG-000282,768
282,IG-000283,768
283,IG-000284,768
284,IG-000285,768
285,IG-000286,768
286,IG-000287,768
287,IG-000288,768
288,IG-000289,768
289,IG-000290,768
290,IG-000291,768
291,IG-000292,768
292,IG-000293,768
293,IG-000294,768
294,IG-000295,768
295,IG-000296,768
296,IG-000297,768
297,IG-000298,768
298,IG-000299,768
299,IG-000300,768
300,IG-000301,768
301,IG-000302,768
302,IG-000303,768
303,IG-000304,768
304,IG-000305,768
305,IG-000306,768
306,IG-000307,768
307,IG-000308,768
308,IG-000309,768
309,IG-000310,768
310,IG-000311,768
311,IG-000312,768
312,IG-000313,768
313,IG-000314,768
314,IG-000315,768
315,IG-000316,768
316,IG-000317,768
317,IG-000318,768
318,IG-000319,768
319,IG-000320,768
320,IG-000321,768
321,IG-000322,768
322,IG-000323,768
323,IG-000324,768
324,IG-000325,768
325,IG-000326,768
326,IG-000327,768
327,IG-000328,768
328,IG-000329,768
329,IG-000330,768
330,IG-000331,768
331,IG-000332,768
332,IG-000333,768
333,IG-000334,768
334,IG-000335,768
335,IG-000336,768
336,IG-000337,768
337,IG-000338,768
338,IG-000339,768
339,IG-000340,768
340,IG-000341,768
341,IG-000342,768
342,IG-000343,768
343,IG-000344,768
344,IG-000345,768
345,IG-000346,768
346,IG-000347,768
347,IG-000348,768
348,IG-000349,768
349,IG-000350,768
350,IG-000351,768
351,IG-000352,768
352,IG-000353,768
353,IG-000354,768
354,IG-000355,768
355,IG-000356,768
356,IG-000357,768
357,IG-000358,768
358,IG-000359,768
359,IG-000360,768
360,IG-000361,768
361,IG-000362,768
362,IG-000363,768
363,IG-000364,768
364,IG-000365,768
365,IG-000366,768
366,IG-000367,768
367,IG-000368,768
368,IG-000369,768
369,IG-000370,768
370,IG-000371,768
371,IG-000372,768
372,IG-000373,768
373,IG-000374,768
374,IG-000375,768
375,IG-000376,768
376,IG-000377,768
377,IG-000378,768
378,IG-000379,768
379,IG-000380,768
380,IG-000381,768
381,IG-000382,768
382,IG-000383,768
383,IG-000384,768
384,IG-000385,768
385,IG-000386,768
386,IG-000387,768
387,IG-000388,768
388,IG-000389,768
389,IG-000390,768
390,IG-000391,768
391,IG-000392,768
392,IG-000393,768
393,IG-000394,768
394,IG-000395,768
395,IG-000396,768
396,IG-000397,768
397,IG-000398,768
398,IG-000399,768
399,IG-000400,768
400,IG-000401,768
401,IG-000402,768
402,IG-000403,768
403,IG-000404,768
404,IG-000405,768
405,IG-000406,768
406,IG-000407,768
407,IG-000408,768
408,IG-000409,768
409,IG-000410,768
410,IG-000411,768
411,IG-000412,768
412,IG-000413,768
413,IG-000414,768
414,IG-000415,768
415,IG-000416,768
416,IG-000417,768
417,IG-000418,768
418,IG-000419,768
419,IG-000420,768
420,IG-000421,768
421,IG-000422,768
422,IG-000423,768
423,IG-000424,768
424,IG-000425,768
425,IG-000426,768
426,IG-000427,768
427,IG-000428,768
428,IG-000429,768
429,IG-000430,768
430,IG-000431,768
431,IG-000432,768
432,IG-000433,768
433,IG-000434,768
434,IG-000435,768
435,IG-000436,768
436,IG-000437,768
437,IG-000438,768
438,IG-000439,768
439,IG-000440,768
440,IG-000441,768
441,IG-000442,768
442,IG-000443,768
443,IG-000444,768
444,IG-000445,768
445,IG-000446,768
446,IG-000447,768
447,IG-000448,768
448,IG-000449,768
449,IG-000450,768
450,IG-000451,768
451,IG-000452,768
452,IG-000453,768
453,IG-000454,768
454,IG-000455,768
455,IG-000456,768
456,IG-000457,768
457,IG-000458,768
458,IG-000459,768
459,IG-000460,768
460,IG-000461,768
461,IG-000462,768
462,IG-000463,768
463,IG-000464,768
464,IG-000465,768
465,IG-000466,768
466,IG-000467,768
467,IG-000468,768
468,IG-000469,768
469,IG-000470,768
470,IG-000471,768
471,IG-000472,768
472,IG-000473,768
473,IG-000474,768
474,IG-000475,768
475,IG-000476,768
476,IG-000477,768
477,IG-000478,768
478,IG-000479,768
479,IG-000480,768
480,IG-000481,768
481,IG-000482,768
482,IG-000483,768
483,IG-000484,768
484,IG-000485,768
485,IG-000486,768
486,IG-000487,768
487,IG-000488,768
488,IG-000489,768
489,IG-000490,768
490,IG-000491,768
491,IG-000492,768
492,IG-000493,768
493,IG-000494,768
494,IG-000495,768
495,IG-000496,768
496,IG-000497,768
497,IG-000498,768
498,IG-000499,768
499,IG-000500,768
500,IG-000501,768
501,IG-000502,768
502,IG-000503,768
503,IG-000504,768
504,IG-000505,768
505,IG-000506,768
506,IG-000507,768
507,IG-000508,768
508,IG-000509,768
509,IG-000510,768
510,IG-000511,768
511,IG-000512,768
512,IG-000513,768
513,IG-000514,768
514,IG-000515,768
515,IG-000516,768
516,IG-000517,768
517,IG-000518,768
518,IG-000519,768
519,IG-000520,768
520,IG-000521,768
521,IG-000522,768
522,IG-000523,768
523,IG-000524,768
524,IG-000525,768
525,IG-000526,768
526,IG-000527,768
527,IG-000528,768
528,IG-000529,768
529,IG-000530,768
530,IG-000531,768
531,IG-000532,768
532,IG-000533,768
533,IG-000534,768
534,IG-000535,768
535,IG-000536,768
536,IG-000537,768
537,IG-000538,768
538,IG-000539,768
539,IG-000540,768
540,IG-000541,768
541,IG-000542,768
542,IG-000543,768
543,IG-000544,768
544,IG-000545,768
545,IG-000546,768
546,IG-000547,768
547,IG-000548,768
548,IG-000549,768
549,IG-000550,768
550,IG-000551,768
551,IG-000552,768
552,IG-000553,768
553,IG-000554,768
554,IG-000555,768
555,IG-000556,768
556,IG-000557,768
557,IG-000558,768
558,IG-000559,768
559,IG-000560,768
560,IG-000561,768
561,IG-000562,768
562,IG-000563,768
563,IG-000564,768
564,IG-000565,768
565,IG-000566,768
566,IG-000567,768
567,IG-000568,768
568,IG-000569,768
569,IG-000570,768
570,IG-000571,768
571,IG-000572,768
572,IG-000573,768
573,IG-000574,768
574,IG-000575,768
575,IG-000576,768
576,IG-000577,768
577,IG-000578,768
578,IG-000579,768
579,IG-000580,768
580,IG-000581,768
581,IG-000582,768
582,IG-000583,768
583,IG-000584,768
584,IG-000585,768
585,IG-000586,768
586,IG-000587,768
587,IG-000588,768
588,IG-000589,768
589,IG-000590,768
590,IG-000591,768
591,IG-000592,768
592,IG-000593,768
593,IG-000594,768
594,IG-000595,768
595,IG-000596,768
596,IG-000597,768
597,IG-000598,768
598,IG-000599,768
599,IG-000600,768
600,IG-000601,768
601,IG-000602,768
602,IG-000603,768
603,IG-000604,768
604,IG-000605,768
605,IG-000606,768
606,IG-000607,768
607,IG-000608,768
608,IG-000609,768
609,IG-000610,768
610,IG-000611,768
611,IG-000612,768
612,IG-000613,768
613,IG-000614,768
614,IG-000615,768
615,IG-000616,768
616,IG-000617,768
617,IG-000618,768
618,IG-000619,768
619,IG-000620,768
620,IG-000621,768
621,IG-000622,768
622,IG-000623,768
623,IG-000624,768
624,IG-000625,768
625,IG-000626,768
626,IG-000627,768
627,IG-000628,768
628,IG-000629,768
629,IG-000630,768
630,IG-000631,768
631,IG-000632,768
632,IG-000633,768
633,IG-000634,768
634,IG-000635,768
635,IG-000636,768
636,IG-000637,768
637,IG-000638,768
638,IG-000639,768
639,IG-000640,768
640,IG-000641,768
641,IG-000642,768
642,IG-000643,768
643,IG-000644,768
644,IG-000645,768
645,IG-000646,768
646,IG-000647,768
647,IG-000648,768
648,IG-000649,768
649,IG-000650,768
650,IG-000651,768
651,IG-000652,768
652,IG-000653,768
653,IG-000654,768
654,IG-000655,768
655,IG-000656,768
656,IG-000657,768
657,IG-000658,768
658,IG-000659,768
659,IG-000660,768
660,IG-000661,768
661,IG-000662,768
662,IG-000663,768
663,IG-000664,768
664,IG-000665,768
665,IG-000666,768
666,IG-000667,768
667,IG-000668,768
668,IG-000669,768
669,IG-000670,768
670,IG-000671,768
671,IG-000672,768
672,IG-000673,768
673,IG-000674,768
674,IG-000675,768
675,IG-000676,768
676,IG-000677,768
677,IG-000678,768
678,IG-000679,768
679,IG-000680,768
680,IG-000681,768
681,IG-000682,768
682,IG-000683,768
683,IG-000684,768
684,IG-000685,768
685,IG-000686,768
686,IG-000687,768
687,IG-000688,768
688,IG-000689,768
689,IG-000690,768
690,IG-000691,768
691,IG-000692,768
692,IG-000693,768
693,IG-000694,768
694,IG-000695,768
695,IG-000696,768
696,IG-000697,768
697,IG-000698,768
698,IG-000699,768
699,IG-000700,768
700,IG-000701,768
701,IG-000702,768
702,IG-000703,768
703,IG-000704,768
704,IG-000705,768
705,IG-000706,768
706,IG-000707,768
707,IG-000708,768
708,IG-000709,768
709,IG-000710,768
710,IG-000711,768
711,IG-000712,768
712,IG-000713,768
713,IG-000714,768
714,IG-000715,768
715,IG-000716,768
716,IG-000717,768
717,IG-000718,768
718,IG-000719,768
719,IG-000720,768
720,IG-000721,768
721,IG-000722,768
722,IG-000723,768
723,IG-000724,768
724,IG-000725,768
725,IG-000726,768
726,IG-000727,768
727,IG-000728,768
728,IG-000729,768
729,IG-000730,768
730,IG-000731,768
731,IG-000732,768
732,IG-000733,768
733,IG-000734,768
734,IG-000735,768
735,IG-000736,768
736,IG-000737,768
737,IG-000738,768
738,IG-000739,768
739,IG-000740,768
740,IG-000741,768
741,IG-000742,768
742,IG-000743,768
743,IG-000744,768
744,IG-000745,768
745,IG-000746,768
746,IG-000747,768
747,IG-000748,768
748,IG-000749,768
749,IG-000750,768
750,IG-000751,768
751,IG-000752,768
752,IG-000753,768
753,IG-000754,768
754,IG-000755,768
755,IG-000756,768
756,IG-000757,768
757,IG-000758,768
758,IG-000759,768
759,IG-000760,768
760,IG-000761,768
761,IG-000762,768
762,IG-000763,768
763,IG-000764,768
764,IG-000765,768
765,IG-000766,768
766,IG-000767,768
767,IG-000768,768
768,IG-000769,768
769,IG-000770,768
770,IG-000771,768
771,IG-000772,768
772,IG-000773,768
773,IG-000774,768
774,IG-000775,768
775,IG-000776,768
776,IG-000777,768
777,IG-000778,768
778,IG-000779,768
779,IG-000780,768
780,IG-000781,768
781,IG-000782,768
782,IG-000783,768
783,IG-000784,768
784,IG-000785,768
785,IG-000786,768
786,IG-000787,768
787,IG-000788,768
788,IG-000789,768
789,IG-000790,768
790,IG-000791,768
791,IG-000792,768
792,IG-000793,768
793,IG-000794,768
794,IG-000795,768
795,IG-000796,768
796,IG-000797,768
797,IG-000798,768
798,IG-000799,768
799,IG-000800,768
800,IG-000801,768
801,IG-000802,768
802,IG-000803,768
803,IG-000804,768
804,IG-000805,768
805,IG-000806,768
806,IG-000807,768
807,IG-000808,768
808,IG-000809,768
809,IG-000810,768
810,IG-000811,768
811,IG-000812,768
812,IG-000813,768
813,IG-000814,768
814,IG-000815,768
815,IG-000816,768
816,IG-000817,768
817,IG-000818,768
818,IG-000819,768
819,IG-000820,768
820,IG-000821,768
821,IG-000822,768
822,IG-000823,768
823,IG-000824,768
824,IG-000825,768
825,IG-000826,768
826,IG-000827,768
827,IG-000828,768
828,IG-000829,768
829,IG-000830,768
830,IG-000831,768
831,IG-000832,768
832,IG-000833,768
833,IG-000834,768
834,IG-000835,768
835,IG-000836,768
836,IG-000837,768
837,IG-000838,768
838,IG-000839,768
839,IG-000840,768
840,IG-000841,768
841,IG-000842,768
842,IG-000843,768
843,IG-000844,768
844,IG-000845,768
845,IG-000846,768
846,IG-000847,768
847,IG-000848,768
848,IG-000849,768
849,IG-000850,768
850,IG-000851,768
851,IG-000852,768
852,IG-000853,768
853,IG-000854,768
854,IG-000855,768
855,IG-000856,768
856,IG-000857,768
857,IG-000858,768
858,IG-000859,768
859,IG-000860,768
860,IG-000861,768
861,IG-000862,768
862,IG-000863,768
863,IG-000864,768
864,IG-000865,768
865,IG-000866,768
866,IG-000867,768
867,IG-000868,768
868,IG-000869,768
869,IG-000870,768
870,IG-000871,768
871,IG-000872,768
872,IG-000873,768
873,IG-000874,768
874,IG-000875,768
875,IG-000876,768
876,IG-000877,768
877,IG-000878,768
878,IG-000879,768
879,IG-000880,768
880,IG-000881,768
881,IG-000882,768
882,IG-000883,768
883,IG-000884,768
884,IG-000885,768
885,IG-000886,768
886,IG-000887,768
887,IG-000888,768
888,IG-000889,768
889,IG-000890,768
890,IG-000891,768
891,IG-000892,768
892,IG-000893,768
893,IG-000894,768
894,IG-000895,768
895,IG-000896,768
896,IG-000897,768
897,IG-000898,768
898,IG-000899,768
899,IG-000900,768
900,IG-000901,768
901,IG-000902,768
902,IG-000903,768
903,IG-000904,768
904,IG-000905,768
905,IG-000906,768
906,IG-000907,768
907,IG-000908,768
908,IG-000909,768
909,IG-000910,768
910,IG-000911,768
911,IG-000912,768
912,IG-000913,768
913,IG-000914,768
914,IG-000915,768
915,IG-000916,768
916,IG-000917,768
917,IG-000918,768
918,IG-000919,768
919,IG-000920,768
920,IG-000921,768
921,IG-000922,768
922,IG-000923,768
923,IG-000924,768
924,IG-000925,768
925,IG-000926,768
926,IG-000927,768
927,IG-000928,768
928,IG-000929,768
929,IG-000930,768
930,IG-000931,768
931,IG-000932,768
932,IG-000933,768
933,IG-000934,768
934,IG-000935,768
935,IG-000936,768
936,IG-000937,768
937,IG-000938,768
938,IG-000939,768
939,IG-000940,768
940,IG-000941,768
941,IG-000942,768
942,IG-000943,768
943,IG-000944,768
944,IG-000945,768
945,IG-000946,768
946,IG-000947,768
947,IG-000948,768
948,IG-000949,768
949,IG-000950,768
950,IG-000951,768
951,IG-000952,768
952,IG-000953,768
953,IG-000954,768
954,IG-000955,768
955,IG-000956,768
956,IG-000957,768
957,IG-000958,768
958,IG-000959,768
959,IG-000960,768
960,IG-000961,768
961,IG-000962,768
962,IG-000963,768
963,IG-000964,768
964,IG-000965,768
965,IG-000966,768
966,IG-000967,768
967,IG-000968,768
968,IG-000969,768
969,IG-000970,768
970,IG-000971,768
971,IG-000972,768
972,IG-000973,768
973,IG-000974,768
974,IG-000975,768
975,IG-000976,768
976,IG-000977,768
977,IG-000978,768
978,IG-000979,768
979,IG-000980,768
980,IG-000981,768
981,IG-000982,768
982,IG-000983,768
983,IG-000984,768
984,IG-000985,768
985,IG-000986,768
986,IG-000987,768
987,IG-000988,768
988,IG-000989,768
989,IG-000990,768
990,IG-000991,768
991,IG-000992,768
992,IG-000993,768
993,IG-000994,768
994,IG-000995,768
995,IG-000996,768
996,IG-000997,768
997,IG-000998,768
998,IG-000999,768
999,IG-001000,768
