clean_text,actual_rating,predicted_rating,correct,model_confidence
"Ini kenapa ya liat story sama postingan kok jadi kayak pecah dan glitch gitu pdhl sinyal bagus. Udah di update kok malah kayak gini bug nya. Gabisa dark mode juga ya!!! Sumpah ya ig kenapa sii, habis di update kok malah kayak gini cuk, gabisa liat story, foto juga nge glitch pdhl sinyal juga bagus poll ga ada kendala. Baru upload story terus gabisa diliat, ada bintang 0 tak kasih bintang nol kalo bug nya ga segera di benerin",4,2,False,0.44551608230174206
Saya tidak bisa login di instagram. Instagram aneh padahal saya sudah melakukan login dengan benar. Saat login selalu muncul tulisan kesalahan dalam login. Bagaimana ini instagram?,2,1,False,0.44535699122133127
"Sebenarnya fitur-fitur yang di rilis Instagram baru-baru ini bagus tapi ada bagian fitur add notes untuk menanggapi postingan orang lain yang tidak ada serta tidak tertata untuk jumlah like,comment,dan shere padahal sudah sy update.",3,5,False,0.40763544726688516
"Bnyk bug nya, contoh pas dlm mode Gelap.. itu sering kali nge bug, smuanya mlah kek eror gitu trus jg tulisannya dll.. jg kg kliatan, APLI KEBNYKN BUG NYA Fitur unduh di ig ga berguna, percuma klo ngunduh tanpa audio/suara...dan fitur unduh ini jarang tersedia di video, JELEK JELEK JELEK",1,2,False,0.40172051998060965
"Tolong fitur arsip story jangan dihilangkan,‼️❗ karena dengan adanya fitur arsip story, kita dapat melihat lagi apa saja yang pernah kita bagikan kepada yang lain, terimakasih.",4,5,False,0.400852335370722
Instagram tuh lagi kenapa sih padahal yah engga posting apa-apaan tapi di suruh ngajuin banding katanya posting macem-macem tolong dong pihak Ig yang rasional buka Ig aja jarang kok pas buka tiba tiba begitu,2,1,False,0.38555187662245727
"gabisa masuk aplikasi ini sama skali padahal udh update pas masuk apk malah ada tulisan ""terjadi kesalahan yang tidak terduga, coba lagi nanti"" udh saya coba berkali kali malah ttep aja sama, gimana deh.",3,1,False,0.3811550815008059
"makin hari, fiturnya makin ga jelas. banyak yang gak bisa digunain, ada juga yang Fiturnya kadang muncul kadang nggak. akhir akhir ini juga di suruh update trs, setelah update gak ada hal hal yang baru tuh. pas mau buka reels juga, reels pertama selalu macet ga bisa di buka. mulai reels kedua baru bisa. makin aneh aja",3,1,False,0.37514125420345834
"gimana siii instagram ko fitur arsip malah mau dihapus, awas yaa kalo sampe fitur arsip nya di hapus parah bgttt siii, bisa bisaaa kedepannya ga pake Instagram lagiiii, parah siieee kata guwe th, kecewa berat kalo sampe emang kejadiann, parahhh pokoknyaaaa😠😠😠😠",3,5,False,0.35456205296959326
"apk nya makin di update skrg malah tambah bug, tiap kali mau bikin sorotan baru pasti lama banget nunggu nya kadang ngga selesai selesai dan gabisa kembali, jadi terpaksa keluar dari apk dulu. kalau mau ganti profil jg kadang bug kaya gitu, ga sekali dua kali tapi udah beberapa kali kaya gini, kadang di postingan juga musik di fotonya sering hilang sendiri. smg kedepannya bisa di perbaiki biar makin nyaman main ig nya.",3,2,False,0.34591512137743224
Tolong dong fitur arsip story yang lama2 jangan dihilangkan. Apalagi video lama jd freeze. Itu ada kenang2an nya,1,3,False,0.342953141338708
"Baru diupdate malah tambah error aja. Tampilan reels di beranda jadi terpotong, harus di klik dulu biar jadi full. Chattingan dm juga sukanya ngelag, pesan sering hilang padahal nggak dihapus. Mana sekarang reels juga bermasalah lagi. Kirim dm doang juga lama banget padahal nggak ada masalah jaringan, nggak bisa memperbarui beranda. Tolonglah diperbaiki.",2,1,False,0.34131767973135
"kenapa ya ig sering kali error/ bug, mau liat story orang misalnya, pas dipencet malah ada tulisan cerita tidak tersedia, ya gpp kalau 1 atau 2 story, tapi ini hampir semua story kayak gitu, kalau ga misal kita udah liat storynya, tapi pas di refresh muncul lagi, seakan-akan kita belum liat story itu padahal udah, jadinya habis di refresh keulang lagi², dan kemungkinan ga cuma aku yang ngalamin, beberapa temen aku juga gitu :) kan jadinya malas buat buka ig kalau gini...",3,2,False,0.33666089848032016
"Mau upload foto banyak malah hasilnya crop gbsa di full in. Ini aku aja apa kalian juga gengs ? Sedangkan yg mau di upload foto yang horizontal, malah ke set potrait gitu jd kepotong fotonya jelek. Kudu upload satu per satu kalau mau full. Sedih banget. Jadi nyampah kalau mau upload satu satu 😞",2,1,False,0.33465917352359054
"Makin sini makin banyak bug aplikasi ini, Mau liat Story loadingnya lama banget padahal sinyal bagus, buka beranda blank putih semua, terkadang buka reel gak maju videonya padahal pas saya scroll ke bawah video kedua jalan lancar tpi discroll ke atas lgi masih tetep gak jalan video yang pertama, tolong diperbaiki wahai pihak Instagram",2,1,False,0.3344070889592616
"aplikasinya bagus, karna ada reels juga jadi ga perlu aplikasi sebelah, tapi saya sangat kecewa igtv tidak ada, sekarang malah kaya liat video di reels tapi durasi lama gitu aja, kalo dulu kan enak liat igtv bisa di pindahin tu banyak pilihan, igtv sangat membantu saya dikala saya sedang suntuk, disana ada video seperti masak masak, streamer dll KECEWA BANGET IGTV DI APUS, kalo igtv di pisah aplikasinya kan ga bisa aku download tolong lah balikin igtv",3,5,False,0.33322087662915895
"Instagram sudah bagus, tapi seharian ini story saya terus terkena pelanggaran dengan alasan tidak masuk akal. Itu hanca lelucon. Saya merasa kecewa karena hal yang tidak mengandung unsur sensitif terkena pelanggaran, sedangkan yang jelas konten sensitif malah di biarkan saja",2,1,False,0.3328869560949423
"lemot sekali setelah di update, sudah unistall dan install ulang berkali2 tetap sama aja... 😞😞😞 buka aplikasi lain aman2 saja dgn sinyalnya.",2,1,False,0.3314322983343197
"Instagram sebaiknya tetap mempertahankan fitur Archive Story, karena fitur ini sangat berguna untuk menyimpan kenangan dan momen berharga tanpa harus membagikannya secara permanen di profil. Terimakasih",5,4,False,0.32936960918196256
"akun barusan di retas, sudah saya usaha untuk mengembalikan, dan mengganti kata sandi. tapi setelah itu tidak bisa login, malah terjadi bug dan keluar dari aplikasi, saya sudah mencoba mencari informasi pelaporan bug, tapi tidak menemukan hasil, tolong bantuannya admin",3,1,False,0.32876781742501654
"niat ga sih? bukan nya makin maju malah makin ngaco ! gue cuman mau bikin akun baru, muncul terus tulisan ""harap tunggu beberapa menit sebelum mencoba lagi"" heyyy? saya nunggu lama tapi hasil nya tulisan nya gitu mulu... gue tunggu sampai 3 hari lebih buat nyoba buat masih aja yang muncul tulisan itu... lalu juga buat mulihin akun sedikit"" ada masalah, gue juga cuman mau riset sandi akun gue yang ilang heyy masih aja tulisan ada masalah mau sampai kapan?? gue saranin perbaikin lagi apk nya.",3,1,False,0.3275129638067766
"Fiturnya udah bagus tapi,tolong Pada saat nge-post itu durasinya lagunya jangan di Converse,dan jangan di potong..jadinya kurang bagus.. Itu aja..dan efeknya juga bisa diatur agar terlihat lebih bagus..terutama untuk video",2,5,False,0.32358712590887295
"Kenapa dengan Instagram sekarang, kemarin saya daftar akun baru selang 2 hari tiba² dapat notif pengajuan bandin dan sekarang akun Instagram saya tidak bisa digunakan, tolong perbaiki data saya , saya sangat kecewa sekali",3,1,False,0.3233519512808215
"min jangan ada update terbaru tentang fitur archive ig yg dihapus. kalo ada saya bakal ajak semua orang untuk hapus Instagram. tujuan saya bikin story buat masukin kedalam arsip, kalau kangen bisa melihat secara langsung momen itu di arsipan. jika bener bakal di hapus fitur arsip dihapus, saya berdoa supaya tidak ada peminat ig. you understand min?",4,5,False,0.32255668971118806
"Instagram ini kenapa akun saya tidak bisa dibuka ya, awalnya di suruh detek foto tapi gak berfungsi dan layarnya jadi hitam, tersus ada tulisan ""tidak dapat mengulang kabar beranda"", ""memuat""... Mohon bantuannya dong udah 2 kali kayak gini, yg kedua ini tidak ada info kabarkan ke Instagram. Terima kasih 🙏🏻",5,1,False,0.32018515121388713
haloo Instagram setelah update yang terbaru : 1.kenapa sekarang banyak arsip story yang tidak muncul padahal kalau dihidupkan simpan ke arsip di tampilan ada pas dibuka kosong atau kalau gak gitu ganti ke arsip cerita yang lain ini sangat menganggu pengunaan karena itu buat kita gak bisa upload lagi foto/video kita yang pernah dibuat tolong segera diperbaiki 2. JANGAN DIHAPUS WOYYYY ARSIP STORY ITU BANYAK KENANGAN LOEE SENAK JIDAT MAIN HAPUS AJA UNTUNG APA ❓,2,1,False,0.3137305090776378
"Satu yang saya keluhkan, adalah fitur arsip yang lama kelamaan mulai bermasalah dan dari kabar nya akan hilang. Saya harap ini tidak terjadi, tolong perbaiki dan ubah kebijakannya🙏 Jangan hapus fitur ini, terimakasih.",2,3,False,0.31192561119918455
"Instagram sebaiknya tetap mempertahankan fitur Archive Story, karena fitur ini sangat berguna untuk menyimpan kenangan dan momen berharga tanpa harus membagikannya secara permanen di profil. plz la Instagram",2,4,False,0.3118718491498507
"nstagram sebaiknya tetap mempertahankan fitur Archive Story, karena fitur ini sangat berguna untuk menyimpan kenangan dan momen berharga tanpa harus membagikannya secara permanen di profil 🙏🙏🙏",1,4,False,0.31156435267732085
"Udah seminggu ini di hp samsung saya kalau pake Filter Layarnya Kedip2, kalau bkin Video Hasilnya Kedip2 juga, tolong dong perbaikin..",2,1,False,0.3091997880874118
Bagus akan tetapi berikan prioritas khusus atau fitur khusus untuk disabilitas Saya rasa apa yang terjadi pihak center Instagram pun juga mengetahuinya mengenai kelemahan disabilitas di Instagram Mohon maaf untuk saat ini Terkadang untuk pengguna tersebut Instagram agak sedikit lemot atau terkadang sedikit bermasalah Tolong dibantu ya agar lebih bagus dan lebih meningkat dan lebih baik untuk semuanya terima kasih Maaf kalimat ini untuk pengguna disabilitas tunanetra ya mohon dibantu,4,5,False,0.3061458895459796
"Tolong diperbaiki bagian membuat story, pada OS Android tidak bisa membuat background, Keterangan nya ""Stiker Interaktif tidak bisa ditutupi"" Mohon segera di FIX!",1,2,False,0.3055716231800305
Ini kenapa sih ig saya kalau lihat reels/video ga jalan videonya. Suaranya doang yang jalan. Padahal pakai wifi. Gak pakai pun kayak gitu juga.,3,1,False,0.3044630801265574
"Aplikasi nya semuanya bagus tapi kekurangan nya cuma satu, saat kita buat video di filter ig itu jadi lambat padahal pas ngevidio itu pas",4,5,False,0.3039593624190125
"Hari ini instagram ku seharian gak ada muncul story instagram di beranda, udah di refresh terus, tetap gak ada hasil, tapi kalau lihat akun orang ada story nya, tapi di beranda sama sekali tidak muncul story followers, tolong dijawab admin, saya sudah coba laporkan masalah di instagram, belum di respon sampai sekarang Terimakasih",4,1,False,0.30393317035942075
Ketika saya install aplikasi Instagram di android dan iphone Masalah itu muncul ketika suara notifikasi dan suara music yang ada di handphone saya jadi kecil dan pelan Tolong diperbaiki,1,2,False,0.30197785068316213
"Di handphone sya ini tidak bisa di buka, bahkan selesai download pun ketika sya buka langsung keluar sendiri, ntar itu bug atau memng hp sy tidk mndukung, ttpi sya mngganti nya dengan ig lite",4,1,False,0.30196710899798174
"pencarian lagu buat story tidak sesuai dengan kata kunci nya, sering kali lagu yg diinginkan tidak tersedia di pencarian. trus hasil edit buat story juga kadang ga pas sama waktu edit, ada yg stickernya beda posisi, ada yg ga masuk ke frame. plis mohon diperbaiki bug² tersebut.",1,2,False,0.3009383755658004
Saya mengalami masalah pada fitur musik frofil di akun saya.masalah nya ialah fitur nya hilang pada akun saya ketika saya berpindah akun ke 2 saya. fitur nya ada tetapi di akun utama saya tidak ada Mohon perbaikan nya!,2,1,False,0.30054189741029613
"postingan ku beberapa saat lalu ada lagunya, trs selang brp hari gitu lagunya hilang dari postingan. Saat ku edit postingannya ada opsi ganti lagi, yaudah kepencet deh, setelah dpt lagi yg bagus eh sesudah di save kembali lagunya ga muncul. TOLONG!!!??!!!?",1,2,False,0.2973257870614663
"terlalu banyak fitur yang tidak berguna, arsip story vidio malah ngefreeze mohon di kembalikan seperti semula, padahal tujuan up story biar bisa dilihat ulang kenangan² nya.",1,5,False,0.2948615921844471
"DEAR INSTAGRAM, padahal kita cuman mengubah nama-nama yg sama. Lalu mengapa frekuensi yg tertera di ""tentang akun ini"" terhitung begitu banyak? Seakan-akan kita seperti orang yg berkarakter plin-plan & tidak berkomitmen.. mohon kebijakannya.",5,4,False,0.2933640211959028
"kenapa fitur fitur baru selalu ada di akun kedua dulu siii, nanti kalo udh bener kukasih bintang lima deh! EDITED : akunku ini udh tinggal akun utamaku doang dan baru aja update ig, tp masih gada update an nyaaaa. Ig gimana si ini",3,2,False,0.292945970693735
"ig banyak bug nya, setiap up story selalu ga bisa dan muncul tulisan kesalahan, tolong di perbaiki",3,1,False,0.29209868847062886
"Cuma 1 sih kekurangan yang sangat menggangu sih buat gua, iklan lewat pas kita liat SG, ya gua tau kalau itu salah satu pemasukan buat meta, tapi kalau bisa kurangin dikitlah, selebihnya dah cukup sih",4,5,False,0.2919253189249154
"tolong diperbaiki lagi,krna au punya 2 akun semuanya kembali dengan sendirinya,pas udah mau login malah nggak bisa masuk gitu trus,setelah buat akun baru masih tetep nggak bisa,tolong diperbaiki lagi sedemikian ya🙏",3,2,False,0.28764475737278544
Kenapa setiap saya mau post foto lebih dari 10 kenapa tidak bisa ? Dan kenapa yang lain bisa min? Tolong bgt yaaa soalnya saya pengen bgt post foto lebih banyak lagi. Tapi fitur nya juga bagus . Terimakasih:),4,3,False,0.2875308749633389
"sebenarnya aplikasi ini bagus sih, tapi masa selama beberapa hari saya coba mau up story ngga bisa. malah muncul tulisan(kesalahan). kek, tolonglah diperbaiki",2,1,False,0.2870716959020688
"Baru aja diupdate tapi kenapa malah nge bug. Postingan foto/video hanya bisa dibuka sampai slide ke-2 aja, slide berikutnya hanya layar hitam",3,1,False,0.2868781110439563
"sekarang ko aneh bangett, mau upload story muter²terus, padahal jaringan bagus, dan yg lebih parahnya, foto yg baru saya ambil langsung dari instagram dan saya masukin draft,tidak bisa disimpan! gimana ini aplikasi nyaa!!",2,5,False,0.28485216768724503
"Scrool dr atas kebawah atau sebaliknya tidak seperti biasanya,,ini terjadi setelah update yg terbaru Melihat foto slide ke 2 dan selanjutnya pun sulit Saya uda cek di aplikasi lain tidaj seperti ini,krna awalnya saya kira hp saya yg bermaslah Mohon diperbaiki",2,3,False,0.28474039032576093
"Setelah di update saat melihat story kok kualitas fotonya berkurang dan agak ngezoom dikit ya mohon di perbaiki ke semula, tidak nyaman untuk di pandang.",1,2,False,0.28421079201236776
"ini kenapa akun instagram saya difitur FONT tidak terperbaharui? masih paki FONT yang model lama. padahal selalu di update terus, tapi kenapa fitur FONT nya tidak berubah ke FONT terbaru. tolong diperbaiki yah!",1,2,False,0.2812948412821629
Kenapa ya setiap Saya ingin mengupdate atau mengupload Story Instagram baik foto ataupun video bakalan sabun atau buram padahal aslinya dari video ataupun foto tersebut hasilnya HD atau jernih terlihat jelas mohon di perbaiki ya terima kasih,1,3,False,0.281275593788044
"Tolong dong min tambahin fitur pengganti lagu di postingan foto Instagram, supaya memudahkan dalam mengubah jd ga perlu lgi membuat postingan ulangg",2,5,False,0.2776122527033578
"kenapa tiba tiba fitur musik di profil/di bio hilang di akun saya? di akun kedua saya masih ada namun, di akun yang pertama udah ilang fiturnya. Mohon di percepat perbaikan nya, terimakasih atas perhatiannya🙏",4,1,False,0.2755903688685944
Kenapa ig makin kesini fiturnya makin jelek si. Mending update kualitas kalo bikin sg dikasih lagu tetep hd bukannya malah nurunin kualitas gambar. Dan jangan sampe fitur barunya beneran bakal hapus archive karena itu berharga bgt buat nyimpen kenangan dll.,4,1,False,0.2755151007592745
"Mohon banyak sekali yang harus diperbaiki, kenapa arsipan story yang ada lagunya kita banyak yang menjadi burem, tidak menyamankan untuk dimasukkan ke highlight, dan juga beberapa foto di arsipan kita malah tidak bisa dibuka sama sekali, padahal dulu tidak ada kendala kendala seperti itu, menurut saya ini sangat merugikan banyak orang jadi tolong secepatnya perbaiki. Dimana mana fitur sosmed itu berkembang bukan malah makin banyak masalah teknisnya.",2,3,False,0.27440687677141357
"Kenapa ya, akhir-akhir ini tuh kalau mau liat stories suka lag sendiri layarnya jadi item kadang malah muncul tulisan ""cerita ini tidak tersedia"". Padahal jaringan lancar-lancar aja kok. Buat nonton reals juga bisa. Awalnya kukira emang sinyal yang jelek, tapi sampai sekarang sering banget bug nya. Dan tolong jangan hapus fitur archive story, itu fitur penting banget bisa buat nyimpen kenangan.",2,1,False,0.2730698231694267
Dipermudah lagi ya untuk pemilihan akun instagram nya soalnya saya sudah tidak dapat akses lagi melalui whatsapp atau SMS dikarenakan nomor teleponya sudah tidak aktif lagi terimakasih 🙏🙏🙏,5,1,False,0.2718687811982072
Kenangan tetap ada di Instagram... walaupun HP lama telah hilang..yaah beruntung punya Instagram bisa mengekspor ke HP baru dari akun lama.. thank you 🙏☺️,5,3,False,0.2713039696762069
"Untuk instastory kenapa postingan utama tidak bisa di move paling atas, terdapat notifikasi stiker interaktif tidak bisa ditutupi. Ini sangat mengganggu penggunaan instastory creative. Mohon perbaiki lagi, seperti semula.",1,3,False,0.2710179703184909
"Jaringan bagus, tapi upload story ig hampir satu jam stuck di 90%, di coba hapus dan upload ulang tetap sama, di batas 90%, siklusnya gitu terus.",1,2,False,0.26998889895273087
"Tolong Instagram, kenapa setelah update versi terbaru waktu buat instagram story menggunakan effect jadi kedip-kedip yaaa??? Ngebug gitu tolong gmn solusinya",1,3,False,0.2677763489753249
"Kenapa beberapa video di feed Instagram tidak bisa diputar lagi? Tidak ada tombol play nya dan bukan karena masa video kadaluarsa,padahal video yang lebih lama masih bisa diputar. Tolong kembalikan jadi normal ya , akan saya kasih bintang 5 jika video sudah dapat diputar lagi",1,3,False,0.2658953559463953
Udah bikin story kok malah enggak bisa.. (Menunggu koneksi) padahal wifi & paket data aman lancar Tolong diperbaiki lagi min..,4,2,False,0.26453566516315175
untuk saat ini instagram tidak seperti dulu.terlalu menutup mata dengan kejadian yg ada.kabanyakan koment yg di take down untuk kebenaran. dan aplikasi terlalu berat juga.,1,4,False,0.2645144898828107
Media yang fleksibel untuk banyak hal dan menyenangkan untuk digunakan. Hanya saja saya jarang menggunakannya dan sulit juga karna harus menggunakan data 👍😅😁,2,5,False,0.2636022727339128
"gabisa gabisa kenapa arsip story ilang separuh woy, itu kan moment terpenting dalam hidup, terus kenapa lagi foto yg ada musiknya, di arsip itu musiknya tidak tersedia!! jadi males sekarang bikin story di Instagram, percuma nyimpen moment berharga, tapi ujung²nya ilang juga tuh foto:(",2,3,False,0.2633060909219155
"kenapa ya akhir akhir ijin banyak banget yang mengalami kendala waktu mau foto itu layarnya gelap(full item),tolong diperbaiki dongg susah buat selfienya",1,2,False,0.26105673168577154
"bagus sih tp saya pengen font nya kayak dulu, kadang sering bug lihat stori orang, semoga bisa diperbaiki lagi terimakasii 😍❤️‍🩹",5,2,False,0.25815265727367326
"Tolong developer lagu yang aku cari gak ada dulu pernah ada tapi habis di update malah ilang lagunya. padahal, lagunya terkenal umum tapi kok di Ig, lagunya gak ada??",2,1,False,0.25664200984536945
Kenapa arsip cerita video di bawah tahun 2022 berubah jadi foto. Kalau memang ada perubahan dan pembaruan kenapa tidak ada pemberitahuan sebelumnya . Tolong kembalikan arsipnya. Ada memory anak saya dari bayi. Sedih jadinya kalau hilang semua.,1,3,False,0.2561741800223689
"Kamera ig di hp saya tidak bisa digunakan saat ingin digunakan hanya hitam tidak terlihat gambarnya pdhl wifi lancar, sudah coba uninstall berkali² masih ttp gabisa digunakan. Tlong diperbaiki. Terimakasih😇",2,1,False,0.2545172188266436
"Instagram saya baru di update, saat saya mau repost story Instagram suara nya tidak ada. Tolong segera diperbaiki. tau begini ga akan saya update Instagram nya. Tolong sekali segera diperbaiki.",3,4,False,0.2540331579324236
"tolong ya kpd pihak instagram utk tidak menghilangkan fitur arsip sorotan di ig karna arsi itu sgt menguntungkan bagi kami,utk kak menyimpan kenangan’ bersama keluarga dan teman teman,satu lagi,tolong tingkatkan kualitas video di status ig nya,setiap kali saya post video pasti selalu nge blur 🙏🏻",1,5,False,0.2496766239440192
"Tolong bgt ini kenapa followers nya bisa ilang2 an yaa kek otomatis gtu ilang nyaa sehari bisa ilang 100 lebih followers, dari dulu sempet ga ilang tapi skrg dah mulai ilang, Tolong dong ini gimana.",2,3,False,0.24857343144996624
Kenapa foto srsipan saya gelap ada tanda seru nya dan katanya cerita ini sudah tersedia lagi dan tidak dapat di pulihkan otomatis akan di hapus dari arsip paling lambat Juli 2025 Banyak kenangan lo di arisan dengan gampang nya menghapus smua itu tolong ya di perbaiki itu jangan sampai terhapus,1,3,False,0.2474682312221308
Gak ngerti klo bikin iklan suka susah buat di promosiin postingan. Mudahin dong utk utk buat iklan di ig jgn dibikin ribet & susah,3,1,False,0.24667105998927025
"instagram sungguh membuat saya merasa tidak nyaman, saya kasih nilai -11 dari 100, samping story yang kita follow harusnya jangan ada pengikut yang disarankan, sudah susah susah saya setting biar tidak ada pengikut yang disarankan, ini malah ada, ujung ujungnya kepencet, terus orangnya bingung kita siapa, jadi salah paham padahal saya tidak berniat mengikuti, saya sungguh malas dengan fitur instagram yang satu ini. saya mohon untuk menghilangkan pengikut yang disarankan di samping story.",1,2,False,0.24611928866540891
"banyak sekali bug sekarang, seperti status yg sudah dilihat tapi lingkarannya masih menyala, terus untuk konten berlangganan susah sekali masuknya, harusnya setelah pembayaran berhasil langsung mudah untuk masuk broadcastnya artis/selebgram yang kita ikuti",2,5,False,0.24531675062706848
"gimana ya, ig makin kesini makin banyak bug nya, awalnya maklum tapi lama² bikin kesel juga, salah satu yang bikin aku kesel banget akhir² ini pas aku posting video (dikasih musik atau ga) ga pernah bisa kekirim, loading lama banget trs di pojok kiri bawa ada tulisan ""menunggu koneksi"" aku udah coba hapus -> posting lagi berulang dan coba posting beberapa video yang berbeda tapi tetep aja ga bisa, aku capek bangett udah abis kesabaran aku yaa (⁠╥⁠﹏⁠╥⁠), tolong dong perbaikannya plss",1,2,False,0.2449124943281655
"Akun gw ada beberapa tp tiap akun tuh ada yg telat update nya gitu lah, di satu akun ada fitur baru tp di akun lain gaada, itu kenapa sih benerin TOLONG.",3,1,False,0.244522764458628
"bro, apk nya keren tpi jgn hapus arsip ya. Kenangan gue bykk disituu minnn, nnti nyimpen kenangan dimana lagiii huhuhuhuhu. Oh ya 1 lagi, udh update ig tpi yg ter-update cm akun ke 1 tpi akun ke2 ga ke update alias masih fitur lama. Trus juga klo mau upload story tb² muncul ""kesalahan"" pdhl yg mau di upload hal yg baik² aja. Tolong yee tingkatkan lagi nih instagram, nnti gue ksih ☆5😄.",3,1,False,0.2441686657165705
"Tolong perbaiki fitur menyematkan musik pada informasi bio akun, karena beberapa akun tidak mendapatkan fitur tersebut (termasuk akun milik saya)",1,3,False,0.24306719361897253
Bgus tp...ada yang kurang knp pas mau menyimpan foto sma musik nya kok gk bisa nya apa saya blm download musik ya atau ig nya bermasalh ya,5,2,False,0.24263447612937272
Tolong user interface waktu melakukan video call jangan di ubah..biarkan tampilan seperti biasanya (halfscreen) jangan di bikin mirip kayak di WhatsApp ( sangatt jelekk sekaliii saya tidak sukaaa),1,3,False,0.2417511388724058
"Mengapa lagu di instagram hanya sedikit? Setengah lagu ada yang hilang , pas dicari gak dapat dapat , padahal instagram yang lalu semua musik nya ada. Tapi kenapa sekarang banyak sekali lagu yang hilang? Tolong buat lagunya jadi lengkap lagi...",2,4,False,0.23968272991174502
"Ini ig emang error atau gimana ya? Awalnya kan saya blokir orang terus saya buka lagi,tapi kok pas mau dm ada pilihan ""buka blokir,hapus"" sedangkan saya udah pilih ""buka blokir"" terus juga udah follow""an,tapi kenapa ada pilihan""buka blokir,hapus"" jadinya gabisa dman lagi deh. Tolong bantu yaa,terima kasih",2,4,False,0.23797792738547233
Fitur filter yang untuk story gabisa. Pas buka kedip2 hitam terus. Mau buat story ga enak. Solusinya tolong.,3,2,False,0.23785988371976544
"tolong instagram, sediakan upload foto bisa lebih dari 10 dan untuk lagu, detiknya ditambahin. Terimakasih🙏🏻",3,4,False,0.23491547714608127
"Woi mana ni , kok puny aku gk ad fitur komentar ny katany ad fitur baru kok gk ad, padahal jga udh berkali kali lho diupdate , padahal aku rajin lho update ny tpi kok masih belum ad jga fitur baru komentar ny , gimana ni tolong lh kerjasamany .",2,1,False,0.23366927273253926
"Sebenarnya aplikasinya bagus tapi sekarang banyak bug yang ganggu. contohnya bug fitur musik yang ada di profil Instagram ,di pengaturan saat edit profil fitur musik nya gak ada (hilang padahal dulu ada dan udah kepake)aneh nya di profil aku gaada musiknya sementara akun lain bisa lihat fitur musik nya di profil aku.tapi aku sendiri gabisa lihat.udah aku laporkan bug nya ke Instagram 4-5 kali belum di benerin.KECEWA BANGET SIH...",3,1,False,0.23352297974484673
"Secara keseluruhan bagus cuma ada beberapa yang ngebug, contoh mau ngepost story malah gk bisa dan muncul peringatan 'kesalahan' lol",4,1,False,0.23350742758022042
Lelet suka loding lama walaupun sinyal bagus chat suka tidak bisa di lihat ada lgi bug ngk bisa hapus postingan. TOLONG DI OERBAIKI INI APLIKASI BAGUS TAPI MASIH ADA BUG NYA,4,5,False,0.22949243551717827
"Ni apk bagus-bagus aja sii, cuma kenapa kalau bikin igs pake lagu pas di post malah lagu nya kepotong??! Jadi lebih pendek gituuu, padahal udah 15 detikkk tapi hasilnya malah kyk 5 detik 🥲 update 2024, FITUR ARSIP JANGAN DIILANGIN LAH WOOUII",4,3,False,0.22513284942953227
Tidak dapat mengganti musik yang sudah di sematkan di profil. Tidak dapat melihat atau mengganti musik yang ada di profil sendiri. Pengaturannya juga menghilang. Padahal lagu yang saya tambahkan bisa dilihat oleh follower namun tidak dengan diri sendiri.,1,3,False,0.22364069162554087
"Aplikasi ini sangat susah dan merepotkan, disaat ingin memposting sorotan kenapa harus posting cerita dulu, kalau memposting cerita bingkai nya jadi mengecil, itu sangat jelek sekali",1,4,False,0.22307737068658748
"Alasan aku mau mendownload instragam adalah 1. Karena aku ingin menjadi artis/follow nya banyakk 2. Karena Instragram tidak iklan , tidak seperti YouTube Sudah itu saja jadi saya memberi 5 bintang 🌟🌟🌟",5,4,False,0.21593356996960278
