kategori,peringkat,entitas,metrik_nodexl_bobot,nodexl_centrality,bahasa_bit,konteks
Topik (SNA),1,tolong,414,19,01110100 01101111 01101100 01101111 01101110 01100111,Permintaan bantuan pemulihan akun & keluhan
Topik (SNA),2,padahal,261,19,01110000 01100001 01100100 01100001 01101000 01100001 01101100,Perbandingan ekspektasi vs bug yang dialami
Topik (SNA),3,akun,251,19,01100001 01101011 01110101 01101110,"Isu penutupan akun, verifikasi, & login"
Topik (SNA),4,fitur,246,19,01100110 01101001 01110100 01110101 01110010,"Fitur Reels, music sticker, audio, & effects"
Topik (SNA),5,story,212,19,01110011 01110100 01101111 01110010 01111001,"Masalah upload Story, kualitas video blur"
Topik (SNA),6,malah,197,19,01101101 01100001 01101100 01100001 01101000,Kekecewaan terhadap perubahan algoritma/fitur
Topik (SNA),7,update,186,18,01110101 01110000 01100100 01100001 01110100 01100101,Masalah performa pasca pembaruan aplikasi
Topik (SNA),8,perbaiki,174,19,01110000 01100101 01110010 01100010 01100001 01101001 01101011 01101001,Tuntutan perbaikan bug ke developer Meta
Topik (SNA),9,banyak,173,19,01100010 01100001 01101110 01111001 01100001 01101011,Banyaknya kemunculan error dan iklan
Topik (SNA),10,bug,172,19,01100010 01110101 01100111,Gangguan teknis force close dan lag
Topik (SNA),11,bagus,159,19,01100010 01100001 01100111 01110101 01110011,Apresiasi konten / review sentimen positif
Topik (SNA),12,foto,152,19,01100110 01101111 01110100 01101111,Postingan gambar feeds & resolusi kamera
Topik (SNA),13,lain,136,19,01101100 01100001 01101001 01101110,Perbandingan fitur dengan platform medsos lain
Topik (SNA),14,video,136,19,01110110 01101001 01100100 01100101 01101111,Konsumsi format Reels & video berdurasi
Topik (SNA),15,sangat,128,18,01110011 01100001 01101110 01100111 01100001 01110100,Penguat sentimen (sangat kecewa / sangat suka)
Topik (SNA),16,sekarang,124,19,01110011 01100101 01101011 01100001 01110010 01100001 01101110 01100111,Kondisi penurunan engagement terkini
Topik (SNA),17,lama,120,19,01101100 01100001 01101101 01100001,Riwayat akun lama & durasi loading lambat
Topik (SNA),18,baru,116,19,01100010 01100001 01110010 01110101,"Akun baru, format konten baru, & fitur baru"
Topik (SNA),19,diperbaiki,111,19,01100100 01101001 01110000 01100101 01110010 01100010 01100001 01101001 01101011 01101001,Harapan perbaikan sistem secara menyeluruh
Topik (SNA),20,mohon,111,19,01101101 01101111 01101000 01101111 01101110,Permohonan sopan pengembalian akses akun
Akun Dominasi,1,iqbaal.e,73242219,10.6M Followers,01101001 01110001 01100010 01100001 01100001 01101100 00101110 01100101,Aktor Film & Musisi
Akun Dominasi,2,nct_dream,64931644,4.2M Followers,01101110 01100011 01110100 01011111 01100100 01110010 01100101 01100001 01101101,Music Group / Idol
Akun Dominasi,3,weareone.exo,57363874,7.5M Followers,01110111 01100101 01100001 01110010 01100101 01101111 01101110 01100101 00101110 01100101 01111000 01101111,Music Group / Idol
Akun Dominasi,4,nianaguerrero,53166148,9.6M Followers,01101110 01101001 01100001 01101110 01100001 01100111 01110101 01100101 01110010 01110010 01100101 01110010 01101111,Dance & Content Creator
Akun Dominasi,5,attahalilintar,52546776,13.9M Followers,01100001 01110100 01110100 01100001 01101000 01100001 01101100 01101001 01101100 01101001 01101110 01110100 01100001 01110010,Digital Media & Creator
Akun Dominasi,6,manurios,47683015,5.1M Followers,01101101 01100001 01101110 01110101 01110010 01101001 01101111 01110011,Actor & Model
Akun Dominasi,7,wannaone.official,46142733,3.4M Followers,01110111 01100001 01101110 01101110 01100001 01101111 01101110 01100101 00101110 01101111 01100110 01100110 01101001 01100011 01101001 01100001 01101100,Pop Idol Group
Akun Dominasi,8,natashawilona12,45385124,27.1M Followers,01101110 01100001 01110100 01100001 01110011 01101000 01100001 01110111 01101001 01101100 01101111 01101110 01100001 00110001 00110010,Aktris Film & Sinetron
Akun Dominasi,9,rachelvennya,44388981,4.9M Followers,01110010 01100001 01100011 01101000 01100101 01101100 01110110 01100101 01101110 01101110 01111001 01100001,Lifestyle & Fashion
Akun Dominasi,10,jeromepolin,43089809,2.8M Followers,01101010 01100101 01110010 01101111 01101101 01100101 01110000 01101111 01101100 01101001 01101110,Education & Comedy
Akun Dominasi,11,jharnabhagwani,42848918,3.3M Followers,01101010 01101000 01100001 01110010 01101110 01100001 01100010 01101000 01100001 01100111 01110111 01100001 01101110 01101001,Beauty & Makeup Art
Akun Dominasi,12,wayvofficial,37933704,3.2M Followers,01110111 01100001 01111001 01110110 01101111 01100110 01100110 01101001 01100011 01101001 01100001 01101100,Music & Entertainment
Akun Dominasi,13,syifahadjureal,37403281,9.2M Followers,01110011 01111001 01101001 01100110 01100001 01101000 01100001 01100100 01101010 01110101 01110010 01100101 01100001 01101100,Aktris & Model
Akun Dominasi,14,bintangemon,37069072,3.3M Followers,01100010 01101001 01101110 01110100 01100001 01101110 01100111 01100101 01101101 01101111 01101110,Komika / Satir Sosial
Akun Dominasi,15,saaihalilintar,35828832,5.3M Followers,01110011 01100001 01100001 01101001 01101000 01100001 01101100 01101001 01101100 01101001 01101110 01110100 01100001 01110010,Content Creator
Akun Dominasi,16,nashwaaaz,33839522,1.9M Followers,01101110 01100001 01110011 01101000 01110111 01100001 01100001 01100001 01111010,Singer & Creator
Akun Dominasi,17,bramastavrl,33725968,18.1M Followers,01100010 01110010 01100001 01101101 01100001 01110011 01110100 01100001 01110110 01110010 01101100,Aktor & Public Figure
Akun Dominasi,18,alfysaga,33319148,5.0M Followers,01100001 01101100 01100110 01111001 01110011 01100001 01100111 01100001,Comedy Creator
Akun Dominasi,19,fiersabesari,32970140,3.2M Followers,01100110 01101001 01100101 01110010 01110011 01100001 01100010 01100101 01110011 01100001 01110010 01101001,Musisi & Penulis
Akun Dominasi,20,brianimanuel,32013729,3.4M Followers,01100010 01110010 01101001 01100001 01101110 01101001 01101101 01100001 01101110 01110101 01100101 01101100,Musisi Hip-Hop (Rich Brian)
