iteration,simulated_growth_rate,projected_users_2027_million
1,0.0912,129.3
2,0.0775,127.69
3,0.0944,129.69
4,0.1132,131.92
5,0.0755,127.44
6,0.0755,127.44
7,0.1145,132.06
8,0.097,129.99
9,0.0704,126.84
10,0.0922,129.42
11,0.0705,126.86
12,0.0705,126.85
13,0.0857,128.66
14,0.0394,123.16
15,0.0434,123.64
16,0.0684,126.61
17,0.0587,125.46
18,0.0873,128.84
19,0.061,125.73
20,0.0501,124.44
21,0.112,131.77
22,0.0756,127.46
23,0.082,128.21
24,0.0499,124.41
25,0.0688,126.65
26,0.0829,128.32
27,0.0558,125.11
28,0.0886,129.0
29,0.0676,126.51
30,0.0742,127.3
31,0.0676,126.51
32,0.1203,132.76
33,0.0802,128.0
34,0.0578,125.34
35,0.0982,130.13
36,0.0543,124.93
37,0.085,128.57
38,0.0384,123.05
39,0.0519,124.66
40,0.0847,128.54
41,0.0964,129.92
42,0.0842,128.48
43,0.078,127.74
44,0.074,127.27
45,0.0487,124.27
46,0.065,126.21
47,0.0706,126.87
48,0.1032,130.73
49,0.0879,128.91
50,0.0426,123.55
51,0.0875,128.86
52,0.0722,127.06
53,0.0659,126.31
54,0.0937,129.6
55,0.1027,130.67
56,0.1005,130.41
57,0.0625,125.9
58,0.0739,127.25
59,0.0876,128.88
60,0.1015,130.52
61,0.0702,126.82
62,0.0765,127.57
63,0.0567,125.22
64,0.0548,124.99
65,0.098,130.11
66,0.1097,131.49
67,0.079,127.86
68,0.1021,130.6
69,0.0883,128.96
70,0.0666,126.4
71,0.0883,128.96
72,0.1136,131.96
73,0.0797,127.95
74,0.1141,132.03
75,0.0242,121.36
76,0.0982,130.13
77,0.0824,128.26
78,0.0741,127.28
79,0.0825,128.27
80,0.0378,122.98
81,0.0758,127.48
82,0.0882,128.95
83,0.1123,131.8
84,0.0694,126.72
85,0.0631,125.98
86,0.0697,126.76
87,0.1002,130.37
88,0.0876,128.88
89,0.0691,126.69
90,0.0915,129.35
91,0.0826,128.29
92,0.1013,130.51
93,0.0654,126.25
94,0.0735,127.2
95,0.0721,127.04
96,0.049,124.31
97,0.0869,128.79
98,0.0861,128.7
99,0.0806,128.05
100,0.0755,127.44
101,0.0501,124.43
102,0.0715,126.97
103,0.0731,127.17
104,0.0633,126.0
105,0.077,127.63
106,0.0892,129.07
107,0.1211,132.84
108,0.0843,128.48
109,0.086,128.7
110,0.0789,127.85
111,0.0392,123.15
112,0.0799,127.97
113,0.0818,128.19
114,0.1335,134.31
115,0.0764,127.55
116,0.087,128.81
117,0.0798,127.95
118,0.0554,125.06
119,0.1051,130.95
120,0.0967,129.95
121,0.0975,130.05
122,0.0609,125.72
123,0.1107,131.61
124,0.0504,124.47
125,0.0931,129.53
126,0.1276,133.62
127,0.0592,125.52
128,0.0683,126.6
129,0.0826,128.29
130,0.0697,126.76
131,0.0472,124.09
132,0.082,128.21
133,0.0577,125.33
134,0.0907,129.25
135,0.0607,125.7
136,0.1138,131.99
137,0.0637,126.04
138,0.0736,127.22
139,0.098,130.11
140,0.054,124.9
141,0.0854,128.62
142,0.1086,131.37
143,0.0459,123.94
144,0.0845,128.51
145,0.0861,128.7
146,0.0973,130.03
147,0.0539,124.89
148,0.0521,124.68
149,0.0917,129.37
150,0.0869,128.8
151,0.0859,128.68
152,0.0879,128.92
153,0.0659,126.31
154,0.0855,128.63
155,0.0868,128.79
156,0.0651,126.22
157,0.1206,132.79
158,0.0907,129.25
159,0.0549,125.0
160,0.0946,129.71
161,0.0595,125.56
162,0.0974,130.04
163,0.1054,130.99
164,0.0629,125.95
165,0.1012,130.49
166,0.0894,129.09
167,0.0982,130.13
168,0.1213,132.87
169,0.0752,127.41
170,0.0643,126.12
171,0.0614,125.77
172,0.063,125.96
173,0.0788,127.84
174,0.0878,128.91
175,0.0864,128.74
176,0.0983,130.15
177,0.0808,128.07
178,0.1118,131.74
179,0.0748,127.36
180,0.139,134.97
181,0.094,129.63
182,0.0621,125.86
183,0.0575,125.31
184,0.0909,129.27
185,0.0757,127.47
186,0.0959,129.86
187,0.0907,129.24
188,0.0789,127.85
189,0.0623,125.88
190,0.0479,124.18
191,0.0709,126.9
192,0.0989,130.22
193,0.0851,128.58
194,0.0537,124.87
195,0.0842,128.48
196,0.0888,129.02
197,0.0615,125.79
198,0.0838,128.43
199,0.0818,128.19
200,0.0559,125.13
201,0.0882,128.95
202,0.0926,129.47
203,0.1038,130.8
204,0.1032,130.72
205,0.0509,124.53
206,0.0603,125.65
207,0.0916,129.35
208,0.0915,129.35
209,0.0916,129.35
210,0.1633,137.86
211,0.0928,129.49
212,0.1049,130.93
213,0.101,130.47
214,0.0945,129.7
215,0.0737,127.24
216,0.0968,129.97
217,0.0639,126.07
218,0.0754,127.44
219,0.0701,126.8
220,0.0823,128.25
221,0.1303,133.94
222,0.0404,123.28
223,0.0953,129.79
224,0.0458,123.93
225,0.0704,126.84
226,0.1039,130.81
227,0.0819,128.2
228,0.0573,125.29
229,0.0651,126.22
230,0.0951,129.77
231,0.0648,126.18
232,0.0852,128.59
233,0.0815,128.16
234,0.0665,126.38
235,0.1266,133.5
236,0.0941,129.65
237,0.037,122.88
238,0.0845,128.51
239,0.0663,126.35
240,0.0988,130.21
241,0.0635,126.02
242,0.078,127.75
243,0.0914,129.33
244,0.0991,130.24
245,0.0547,124.98
246,0.0733,127.19
247,0.0703,126.83
248,0.0665,126.37
249,0.1185,132.54
250,0.0892,129.07
251,0.0534,124.83
252,0.1002,130.38
253,0.1261,133.45
254,0.1027,130.67
255,0.0478,124.17
256,0.0701,126.81
257,0.1077,131.27
258,0.0653,126.24
259,0.09,129.17
260,0.0972,130.01
261,0.0606,125.68
262,0.0792,127.89
263,0.0108,119.78
264,0.0585,125.43
265,0.0751,127.4
266,0.0537,124.86
267,0.1156,132.2
268,0.0498,124.4
269,0.071,126.92
270,0.0833,128.37
271,0.1115,131.71
272,0.0496,124.38
273,0.1055,131.0
274,0.0807,128.07
275,0.0594,125.54
276,0.0904,129.22
277,0.0848,128.55
278,0.0676,126.51
279,0.082,128.22
280,0.0722,127.06
281,0.0829,128.33
282,0.0947,129.73
283,0.1146,132.08
284,0.0539,124.89
285,0.1264,133.47
286,0.0385,123.07
287,0.0772,127.65
288,0.0931,129.54
289,0.0865,128.76
290,0.0671,126.45
291,0.076,127.51
292,0.0699,126.78
293,0.0678,126.54
294,0.0988,130.2
295,0.0882,128.95
296,0.0656,126.27
297,0.0998,130.33
298,0.0871,128.82
299,0.098,130.11
300,0.094,129.64
301,0.0627,125.93
302,0.0685,126.61
303,0.0966,129.94
304,0.0936,129.59
305,0.0801,127.99
306,0.083,128.34
307,0.108,131.29
308,0.0678,126.53
309,0.0923,129.43
310,0.0762,127.52
311,0.0758,127.48
312,0.1041,130.84
313,0.0982,130.14
314,0.098,130.11
315,0.1086,131.37
316,0.081,128.09
317,0.0952,129.78
318,0.0738,127.25
319,0.0875,128.87
320,0.0777,127.71
321,0.0826,128.29
322,0.0933,129.56
323,0.0629,125.95
324,0.1255,133.37
325,0.0589,125.48
326,0.0544,124.95
327,0.1054,130.99
328,0.0975,130.06
329,0.0939,129.63
330,0.094,129.64
331,0.0802,128.01
332,0.0612,125.75
333,0.0821,128.23
334,0.0659,126.31
335,0.1015,130.52
336,0.0773,127.66
337,0.0628,125.94
338,0.0736,127.22
339,0.0894,129.09
340,0.0684,126.6
341,0.0628,125.94
342,0.0857,128.66
343,0.0858,128.66
344,0.0696,126.75
345,0.0704,126.84
346,0.0855,128.63
347,0.0494,124.35
348,0.0502,124.45
349,0.0651,126.21
350,0.0759,127.5
351,0.0872,128.83
352,0.1122,131.8
353,0.0989,130.22
354,0.0771,127.63
355,0.0801,127.99
356,0.0589,125.49
357,0.0801,127.99
358,0.0743,127.3
359,0.0874,128.86
360,0.0627,125.93
361,0.0917,129.36
362,0.1135,131.94
363,0.0782,127.76
364,0.0891,129.06
365,0.0953,129.8
366,0.0719,127.02
367,0.0853,128.61
368,0.0808,128.07
369,0.0826,128.29
370,0.0639,126.07
371,0.081,128.1
372,0.0912,129.31
373,0.1117,131.74
374,0.1011,130.48
375,0.1268,133.53
376,0.064,126.08
377,0.0993,130.26
378,0.0844,128.51
379,0.1276,133.62
380,0.0631,125.98
381,0.0624,125.9
382,0.0676,126.51
383,0.0348,122.63
384,0.0692,126.7
385,0.0642,126.11
386,0.0837,128.42
387,0.0878,128.91
388,0.1208,132.82
389,0.1009,130.46
390,0.0681,126.57
391,0.0612,125.75
392,0.0911,129.29
393,0.0521,124.68
394,0.1199,132.71
395,0.1059,131.04
396,0.0704,126.84
397,0.0437,123.67
398,0.1096,131.49
399,0.078,127.75
400,0.1071,131.19
401,0.0462,123.98
402,0.0676,126.51
403,0.0806,128.05
404,0.0815,128.16
405,0.0708,126.89
406,0.0939,129.63
407,0.0575,125.32
408,0.0774,127.68
409,0.0831,128.35
410,0.0916,129.35
411,0.0958,129.85
412,0.0563,125.17
413,0.0475,124.13
414,0.108,131.29
415,0.0876,128.89
416,0.0644,126.13
417,0.1138,131.99
418,0.083,128.33
419,0.1059,131.04
420,0.082,128.21
421,0.1248,133.29
422,0.1182,132.51
423,0.0751,127.4
424,0.1014,130.51
425,0.0944,129.68
426,0.1099,131.53
427,0.0598,125.58
428,0.0953,129.79
429,0.1033,130.74
430,0.0427,123.56
431,0.0551,125.02
432,0.0367,122.84
433,0.0747,127.35
434,0.0959,129.87
435,0.1128,131.87
436,0.0821,128.23
437,0.1155,132.19
438,0.0508,124.52
439,0.0439,123.7
440,0.0793,127.9
441,0.0888,129.02
442,0.0798,127.96
443,0.036,122.77
444,0.0786,127.81
445,0.0525,124.72
446,0.0949,129.75
447,0.0884,128.97
448,0.0603,125.64
449,0.0695,126.73
450,0.0577,125.34
451,0.0792,127.88
452,0.101,130.47
453,0.0593,125.53
454,0.0913,129.32
455,0.0691,126.69
456,0.0635,126.02
457,0.0782,127.77
458,0.0582,125.4
459,0.0686,126.63
460,0.0547,124.99
461,0.1227,133.04
462,0.0813,128.13
463,0.0655,126.26
464,0.0851,128.58
465,0.0781,127.75
466,0.0757,127.48
467,0.0937,129.6
468,0.0968,129.97
469,0.0691,126.69
470,0.0681,126.57
471,0.0746,127.34
472,0.031,122.17
473,0.0479,124.18
474,0.1099,131.52
475,0.1159,132.23
476,0.0751,127.4
477,0.0929,129.51
478,0.0872,128.83
479,0.1467,135.88
480,0.1046,130.89
481,0.0777,127.71
482,0.06,125.6
483,0.046,123.95
484,0.0849,128.56
485,0.0642,126.11
486,0.0499,124.42
487,0.0666,126.39
488,0.0572,125.28
489,0.1168,132.34
490,0.0995,130.29
491,0.0803,128.02
492,0.1123,131.81
493,0.0822,128.24
494,0.062,125.84
495,0.1132,131.92
496,0.0921,129.41
497,0.0582,125.4
498,0.0764,127.55
499,0.0617,125.81
500,0.0508,124.52
501,0.1004,130.4
502,0.1216,132.9
503,0.0504,124.48
504,0.0926,129.47
505,0.0665,126.38
506,0.07,126.8
507,0.0678,126.53
508,0.0619,125.84
509,0.0815,128.16
510,0.0626,125.92
511,0.0863,128.73
512,0.0794,127.91
513,0.0754,127.43
514,0.061,125.73
515,0.0681,126.57
516,0.0967,129.96
517,0.0913,129.32
518,0.0595,125.55
519,0.0826,128.29
520,0.0967,129.95
521,0.0446,123.79
522,0.0922,129.42
523,0.0663,126.35
524,0.0928,129.49
525,0.0641,126.09
526,0.0417,123.44
527,0.0455,123.89
528,0.0815,128.16
529,0.0861,128.7
530,0.0611,125.74
531,0.0942,129.67
532,0.0448,123.81
533,0.0791,127.87
534,0.0545,124.95
535,0.0665,126.38
536,0.0815,128.16
537,0.062,125.85
538,0.0722,127.06
539,0.1021,130.6
540,0.0681,126.57
541,0.0985,130.17
542,0.0562,125.16
543,0.0919,129.39
544,0.1115,131.71
545,0.0274,121.74
546,0.0634,126.01
547,0.0929,129.51
548,0.0761,127.52
549,0.0885,128.98
550,0.0675,126.5
551,0.0824,128.26
552,0.0772,127.64
553,0.1056,131.01
554,0.086,128.69
555,0.0878,128.9
556,0.0716,126.99
557,0.07,126.8
558,0.0712,126.94
559,0.089,129.04
560,0.0714,126.97
561,0.0867,128.78
562,0.1251,133.33
563,0.0992,130.26
564,0.0735,127.21
565,0.1063,131.1
566,0.0717,127.0
567,0.0367,122.85
568,0.0588,125.47
569,0.0403,123.27
570,0.0729,127.14
571,0.0809,128.09
572,0.1165,132.31
573,0.0875,128.87
574,0.0758,127.48
575,0.0983,130.15
576,0.033,122.41
577,0.0856,128.64
578,0.0971,130.0
579,0.0487,124.27
580,0.1051,130.95
581,0.0878,128.9
582,0.0716,126.98
583,0.0941,129.65
584,0.1293,133.82
585,0.0844,128.5
586,0.0858,128.67
587,0.0706,126.87
588,0.0622,125.87
589,0.0984,130.15
590,0.0621,125.86
591,0.082,128.22
592,0.0702,126.82
593,0.0908,129.26
594,0.0877,128.89
595,0.1028,130.68
596,0.0695,126.74
597,0.0747,127.35
598,0.0595,125.55
599,0.0709,126.91
600,0.0886,129.0
601,0.0968,129.97
602,0.0607,125.69
603,0.0992,130.25
604,0.1096,131.49
605,0.0894,129.09
606,0.1209,132.82
607,0.0639,126.07
608,0.0537,124.87
609,0.0423,123.51
610,0.1127,131.85
611,0.0946,129.71
612,0.0793,127.9
613,0.0865,128.75
614,0.0563,125.17
615,0.1331,134.27
616,0.0833,128.37
617,0.0829,128.32
618,0.0961,129.89
619,0.0908,129.26
620,0.0853,128.61
621,0.0635,126.03
622,0.0906,129.24
623,0.121,132.83
624,0.1094,131.47
625,0.1148,132.1
626,0.0695,126.74
627,0.0592,125.52
628,0.0778,127.72
629,0.0817,128.18
630,0.104,130.83
631,0.0441,123.73
632,0.1134,131.94
633,0.0771,127.64
634,0.0713,126.95
635,0.0587,125.46
636,0.0449,123.82
637,0.0982,130.14
638,0.0821,128.23
639,0.0528,124.75
640,0.0527,124.74
641,0.0733,127.18
642,0.1164,132.29
643,0.0749,127.38
644,0.0482,124.21
645,0.0752,127.41
646,0.0746,127.34
647,0.0225,121.17
648,0.0793,127.9
649,0.0755,127.45
650,0.0955,129.81
651,0.1203,132.75
652,0.1047,130.91
653,0.0747,127.35
654,0.0567,125.22
655,0.1358,134.6
656,0.0818,128.19
657,0.0808,128.07
658,0.08,127.98
659,0.0848,128.54
660,0.0774,127.67
661,0.0682,126.58
662,0.0687,126.65
663,0.0798,127.96
664,0.0688,126.65
665,0.0652,126.22
666,0.0828,128.31
667,0.075,127.39
668,0.1128,131.87
669,0.0235,121.29
670,0.104,130.82
671,0.1073,131.21
672,0.0359,122.76
673,0.0731,127.17
674,0.0725,127.09
675,0.0502,124.45
676,0.0638,126.06
677,0.0566,125.21
678,0.1182,132.5
679,0.1006,130.42
680,0.1078,131.28
681,0.096,129.88
682,0.0562,125.16
683,0.0692,126.7
684,0.091,129.29
685,0.0542,124.93
686,0.0958,129.86
687,0.0753,127.43
688,0.0724,127.08
689,0.0958,129.85
690,0.0901,129.17
691,0.0727,127.12
692,0.1054,130.99
693,0.0573,125.28
694,0.0937,129.61
695,0.0933,129.55
696,0.0738,127.25
697,0.0875,128.87
698,0.0536,124.85
699,0.1004,130.39
700,0.0765,127.57
701,0.0693,126.71
702,0.1031,130.71
703,0.0654,126.24
704,0.0502,124.45
705,0.047,124.07
706,0.0935,129.58
707,0.053,124.78
708,0.1182,132.51
709,0.0357,122.74
710,0.117,132.36
711,0.085,128.58
712,0.0784,127.79
713,0.0688,126.65
714,0.0891,129.06
715,0.0797,127.94
716,0.1042,130.85
717,0.083,128.33
718,0.0837,128.42
719,0.0727,127.11
720,0.0793,127.89
721,0.0871,128.82
722,0.0437,123.68
723,0.0515,124.6
724,0.0965,129.93
725,0.0842,128.47
726,0.0765,127.57
727,0.0809,128.09
728,0.088,128.92
729,0.0689,126.66
730,0.0638,126.06
731,0.0847,128.54
732,0.0595,125.55
733,0.0893,129.08
734,0.0439,123.7
735,0.1026,130.66
736,0.0907,129.24
737,0.086,128.69
738,0.1016,130.54
739,0.1163,132.28
740,0.1023,130.62
741,0.0409,123.35
742,0.053,124.78
743,0.0671,126.45
744,0.0811,128.11
745,0.0916,129.36
746,0.0649,126.19
747,0.0845,128.52
748,0.0643,126.11
749,0.0674,126.48
750,0.0503,124.46
751,0.0607,125.69
752,0.0514,124.6
753,0.0595,125.55
754,0.1032,130.72
755,0.0601,125.62
756,0.1371,134.75
757,0.0911,129.3
758,0.0845,128.51
759,0.062,125.85
760,0.0956,129.82
761,0.0681,126.57
762,0.0831,128.35
763,0.1355,134.56
764,0.0784,127.79
765,0.1052,130.97
766,0.0654,126.25
767,0.0797,127.95
768,0.1186,132.55
769,0.067,126.44
770,0.1195,132.66
771,0.0957,129.84
772,0.0684,126.61
773,0.0941,129.65
774,0.1014,130.52
775,0.0939,129.62
776,0.0467,124.04
777,0.0649,126.19
778,0.0752,127.41
779,0.0789,127.85
780,0.0938,129.62
781,0.0843,128.49
782,0.0518,124.64
783,0.0887,129.01
784,0.0936,129.59
785,0.0925,129.47
786,0.1037,130.79
787,0.0984,130.16
788,0.0904,129.21
789,0.079,127.86
790,0.0448,123.81
791,0.0897,129.13
792,0.085,128.57
793,0.0863,128.73
794,0.053,124.79
795,0.0573,125.28
796,0.1031,130.72
797,0.0796,127.94
798,0.0952,129.78
799,0.0811,128.11
800,0.0811,128.12
801,0.1007,130.43
802,0.0694,126.72
803,0.0826,128.28
804,0.0706,126.86
805,0.0712,126.93
806,0.0739,127.25
807,0.0853,128.61
808,0.0702,126.82
809,0.1075,131.24
810,0.0613,125.76
811,0.0765,127.56
812,0.071,126.92
813,0.1116,131.73
814,0.0847,128.54
815,0.1027,130.67
816,0.0486,124.25
817,0.0862,128.72
818,0.0996,130.31
819,0.0823,128.25
820,0.1034,130.75
821,0.0694,126.72
822,0.1108,131.63
823,0.1299,133.9
824,0.0727,127.11
825,0.0709,126.9
826,0.1117,131.74
827,0.1145,132.06
828,0.0693,126.71
829,0.0715,126.97
830,0.0744,127.32
831,0.0516,124.61
832,0.0607,125.7
833,0.0589,125.48
834,0.064,126.08
835,0.0798,127.95
836,0.0855,128.64
837,0.1138,131.99
838,0.059,125.5
839,0.1017,130.55
840,0.0759,127.49
841,0.0794,127.91
842,0.095,129.76
843,0.0564,125.18
844,0.0887,129.01
845,0.0841,128.46
846,0.0911,129.29
847,0.0867,128.78
848,0.1333,134.29
849,0.0668,126.41
850,0.0691,126.69
851,0.0671,126.45
852,0.0686,126.62
853,0.0668,126.42
854,0.1061,131.07
855,0.111,131.66
856,0.0682,126.59
857,0.0626,125.92
858,0.0906,129.24
859,0.0686,126.63
860,0.0941,129.65
861,0.0849,128.56
862,0.0479,124.18
863,0.1138,131.98
864,0.1191,132.61
865,0.0673,126.48
866,0.0722,127.05
867,0.0866,128.77
868,0.0877,128.89
869,0.0947,129.72
870,0.1237,133.16
871,0.0767,127.59
872,0.0633,126.01
873,0.0508,124.53
874,0.0648,126.18
875,0.0798,127.95
876,0.1191,132.61
877,0.0694,126.72
878,0.0853,128.61
879,0.0801,128.0
880,0.1061,131.07
881,0.1348,134.48
882,0.0691,126.69
883,0.07,126.79
884,0.1029,130.7
885,0.0952,129.78
886,0.1202,132.74
887,0.0931,129.53
888,0.0728,127.12
889,0.0932,129.54
890,0.1043,130.86
891,0.0981,130.13
892,0.0914,129.33
893,0.1034,130.76
894,0.1056,131.02
895,0.1102,131.56
896,0.0944,129.69
897,0.0769,127.61
898,0.0837,128.41
899,0.1064,131.11
900,0.0629,125.96
901,0.0884,128.98
902,0.072,127.04
903,0.0811,128.11
904,0.108,131.3
905,0.0846,128.53
906,0.0815,128.16
907,0.0513,124.57
908,0.0965,129.94
909,0.0944,129.68
910,0.127,133.55
911,0.0739,127.26
912,0.0852,128.6
913,0.0859,128.67
914,0.1144,132.06
915,0.0785,127.8
916,0.0865,128.75
917,0.0936,129.59
918,0.0845,128.51
919,0.0709,126.9
920,0.0847,128.53
921,0.1036,130.77
922,0.0584,125.42
923,0.0834,128.38
924,0.0654,126.26
925,0.1062,131.08
926,0.0478,124.16
927,0.0685,126.62
928,0.0886,129.0
929,0.1142,132.03
930,0.0791,127.87
931,0.0686,126.62
932,0.1209,132.83
933,0.0494,124.35
934,0.0332,122.44
935,0.09,129.16
936,0.0697,126.76
937,0.0585,125.44
938,0.0957,129.84
939,0.0857,128.66
940,0.0684,126.6
941,0.053,124.78
942,0.0993,130.26
943,0.0945,129.7
944,0.0784,127.79
945,0.1202,132.74
946,0.0575,125.31
947,0.0477,124.15
948,0.0656,126.28
949,0.0795,127.92
950,0.0857,128.66
951,0.0753,127.42
952,0.0881,128.94
953,0.0536,124.85
954,0.1115,131.72
955,0.0787,127.83
956,0.1045,130.89
957,0.0879,128.91
958,0.0903,129.2
959,0.0927,129.49
960,0.0901,129.18
961,0.0943,129.68
962,0.1091,131.43
963,0.0847,128.54
964,0.0957,129.85
965,0.0786,127.81
966,0.1115,131.71
967,0.066,126.32
968,0.1192,132.63
969,0.0796,127.94
970,0.0497,124.39
971,0.0833,128.37
972,0.0659,126.3
973,0.0986,130.18
974,0.0665,126.38
975,0.0709,126.9
976,0.0399,123.23
977,0.0708,126.89
978,0.0284,121.86
979,0.0464,124.0
980,0.0968,129.98
981,0.0974,130.04
982,0.0896,129.12
983,0.0597,125.58
984,0.0795,127.92
985,0.0804,128.03
986,0.0556,125.09
987,0.1128,131.87
988,0.0994,130.27
989,0.0757,127.48
990,0.0811,128.11
991,0.085,128.57
992,0.0366,122.84
993,0.0752,127.41
994,0.0658,126.3
995,0.059,125.49
996,0.0745,127.32
997,0.1192,132.62
998,0.0943,129.67
999,0.0682,126.58
1000,0.0928,129.5
