film,penonton,ape_model,ape_baseline
Catatan Harian Menantu Sinting (2024),713862,0.884,0.867
Indigo: What Do You See? (2023),1015231,0.225,0.256
Racun Sangga: Santet Pemisah Rumah Tangga (2024),525034,1.592,1.638
Sabrina (2018),1337510,0.078,0.079
Santet Segoro Pitu (2024),1025000,0.203,0.243
Suzzanna: Bernapas dalam Kubur (2018),3346216,0.708,0.672
Suzzanna: Malam Jumat Kliwon (2023),2189363,0.498,0.471
Suzzanna: Santet Dosa di Atas Dosa (2026),1054864,0.14,0.203
The Doll 3 (2022),1764077,0.891,0.325
