film,trailers,views_total,likes_total,comments,unique_commenters,net_indobert,pos_indobert,net_gabungan,pos_gabungan,net_leksikon_emoji,pos_leksikon_emoji,net_emoji,pos_emoji,release,semua_trailer_diunggah_setelah_rilis,film_id,penonton,is_final,source,retrieved_at
Catatan Harian Menantu Sinting (2024),6,4303290,35818,345.0,318.0,-0.539,0.174,-0.522,0.18,0.035,0.154,0.068,0.089,2024-07-18 00:00:00+00:00,False,menantu-sinting-2024,713862,1,filmindonesia.or.id,2024-08-30
Indigo: What Do You See? (2023),3,3147375,12378,793.0,616.0,-0.024,0.41,0.024,0.431,0.347,0.427,0.564,0.573,2023-10-19 00:00:00+00:00,False,indigo-2023,1015231,1,Wikipedia ID / filmindonesia.or.id,2023-12-01
Mata Batin (2017),1,542865,2877,105.0,83.0,-0.438,0.162,-0.41,0.171,0.095,0.181,0.467,0.467,,False,mata-batin-2017,1282557,1,filmindonesia.or.id,2018-01-15
Racun Sangga: Santet Pemisah Rumah Tangga (2024),8,10718858,4786,294.0,253.0,-0.112,0.364,-0.092,0.378,0.272,0.361,0.507,0.507,2024-12-12 00:00:00+00:00,False,racun-sangga-2024,525034,0,Pikiran Rakyat / IG Soraya,2025-01-01
Sabrina (2018),1,809423,4320,,,,,,,,,,,2018-07-12 00:00:00+00:00,True,sabrina-2018,1337510,1,filmindonesia.or.id,2018-08-30
Santet Segoro Pitu (2024),3,3773589,7019,425.0,369.0,-0.231,0.299,-0.209,0.306,0.186,0.292,0.417,0.447,2024-11-07 00:00:00+00:00,False,santet-segoro-pitu-2024,1025000,1,IDN Times / Hitmaker Official,2024-12-15
Suzzanna: Bernapas dalam Kubur (2018),1,9647484,52629,500.0,438.0,-0.092,0.356,-0.082,0.36,0.212,0.302,0.306,0.353,2018-11-15 00:00:00+00:00,False,suzzanna-2018,3346216,1,filmindonesia.or.id,2019-01-10
Suzzanna: Malam Jumat Kliwon (2023),8,9739093,59084,1848.0,1515.0,-0.014,0.427,0.032,0.451,0.356,0.433,0.565,0.576,2023-08-03 00:00:00+00:00,False,suzzanna-2023,2189363,1,Wikipedia EN / filmindonesia.or.id,2023-10-01
Suzzanna: Santet Dosa di Atas Dosa (2026),8,6375159,20832,1335.0,1096.0,-0.1,0.377,-0.068,0.395,0.301,0.39,0.515,0.536,2026-03-18 00:00:00+00:00,False,suzzanna-2026,1054864,0,Cinepoint / IDN Times,2026-03-30
The Doll 3 (2022),2,6679661,29076,680.0,535.0,-0.406,0.201,-0.363,0.21,0.084,0.215,0.239,0.315,2022-05-26 00:00:00+00:00,False,the-doll-3-2022,1764077,1,Wikipedia EN / filmindonesia.or.id,2022-07-15
