video_id,title,channel,upload_date,duration_s,views,likes,comment_count,url,unique_commenters
-HuNHKFaW60,Jurnal Risa By Risa Saraswati - Official Trailer 1,MD Pictures,20240525,152,807641,9758,399,https://www.youtube.com/watch?v=-HuNHKFaW60,337
0fuFgUmW_HA,Danur: The Last Chapter | Official Trailer | Experience It In IMAX®️,MD Pictures,20260112,127,425937,1838,208,https://www.youtube.com/watch?v=0fuFgUmW_HA,158
5qRWqIlUIrM,Ipar Adalah Maut - Official Trailer 2,MD Pictures,20240524,109,2409913,13022,426,https://www.youtube.com/watch?v=5qRWqIlUIrM,353
A5vSO5gPATI,Janur Ireng - Official Teaser Trailer,MD Pictures,20250811,59,553774,2399,280,https://www.youtube.com/watch?v=A5vSO5gPATI,250
ADJZWZUedyU,Final Trailer - Janur Ireng Sewu Dino The Prequel,MD Pictures,20251215,133,803770,1122,105,https://www.youtube.com/watch?v=ADJZWZUedyU,87
BfhRY0YwEd0,Perewangan - Official Trailer,MD Pictures,20240906,104,523293,2647,217,https://www.youtube.com/watch?v=BfhRY0YwEd0,186
O29hLG_37qI,Ivanna - Official Trailer | SEDANG TAYANG DI BIOSKOP,MD Pictures,20220428,156,3814814,51473,500,https://www.youtube.com/watch?v=O29hLG_37qI,400
VzBLY3xgVnQ,Janur Ireng - Official Trailer,MD Pictures,20251107,108,453742,1172,160,https://www.youtube.com/watch?v=VzBLY3xgVnQ,134
dkbwPpPJCLo,Badarawuhi di Desa Penari - Official Trailer Filmed for IMAX,MD Pictures,20240306,152,2624610,17065,500,https://www.youtube.com/watch?v=dkbwPpPJCLo,415
nsACtG92wd4,Danur : The Last Chapter - Teaser Trailer,MD Pictures,20251210,57,655209,1976,148,https://www.youtube.com/watch?v=nsACtG92wd4,118
oQKG8HMTscg,Jurnal Risa By Risa Saraswati - Official Trailer 2,MD Pictures,20240611,134,625362,5725,393,https://www.youtube.com/watch?v=oQKG8HMTscg,337
u-QOjVp4ob0,PEREWANGAN - FINAL TRAILER,MD Pictures,20241013,107,416767,768,82,https://www.youtube.com/watch?v=u-QOjVp4ob0,67
