film_id,judul,views_h7,comments_h7,sentiment_pos_ratio,views_total,comments,pos_leksikon_emoji,pos_indobert,views_h7_melebihi_views_sekarang
suzzanna-2026,Suzzanna: Santet Dosa di Atas Dosa,3450000,8900,0.84,3187674.0,1287.0,0.375,0.36,True
racun-sangga-2024,Racun Sangga: Santet Pemisah Rumah Tangga,1280000,2100,0.65,5359442.0,219.0,0.352,0.352,False
santet-segoro-pitu-2024,Santet Segoro Pitu,2150000,3800,0.76,,,,,False
menantu-sinting-2024,Catatan Harian Menantu Sinting,3200000,5400,0.72,2151656.0,290.0,0.141,0.179,True
indigo-2023,Indigo: What Do You See?,2890000,7100,0.79,,,,,False
suzzanna-2023,Suzzanna: Malam Jumat Kliwon,6100000,14200,0.88,4869567.0,1751.0,0.375,0.368,True
the-doll-3-2022,The Doll 3,4900000,10500,0.83,,,,,False
suzzanna-2018,Suzzanna: Bernapas dalam Kubur,8500000,19000,0.91,,,,,False
sabrina-2018,Sabrina,3600000,7800,0.77,,,,,False
mata-batin-2017,Mata Batin,3400000,6800,0.76,,,,,False
the-doll-2-2017,The Doll 2,3100000,6200,0.75,,,,,False
