set,film,trailers,views_total,likes_total,comments_collected,first_upload,last_upload,weighted_degree,unique_commenters,like_rate_pct
soraya,Suzzanna: Bernapas dalam Kubur (2018),1,9647484,52629,500.0,20181013,20181013,63,438.0,0.546
hitmaker,The Doll 3 (2022),2,6679661,29076,680.0,20220409,20220426,93,535.0,0.435
soraya,Racun Sangga: Santet Pemisah Rumah Tangga (2024),4,5359442,2393,198.0,20241024,20241209,71,168.0,0.045
soraya,Suzzanna: Malam Jumat Kliwon (2023),4,4869567,29542,1728.0,20230518,20230727,512,1421.0,0.607
ivanna,IVANNA (2022),1,3814786,51473,500.0,20220428,20220428,60,468.0,1.349
hitmaker,Santet Segoro Pitu (2024),3,3773589,7019,425.0,20241010,20241031,76,369.0,0.186
soraya,Suzzanna: Santet Dosa di Atas Dosa (2026),4,3187674,10417,1215.0,20251031,20260307,367,985.0,0.327
hitmaker,Indigo: What Do You See? (2023),3,3147375,12378,793.0,20230819,20230930,178,616.0,0.393
soraya,Catatan Harian Menantu Sinting (2024),3,2151656,17909,257.0,20240524,20240704,46,234.0,0.832
hitmaker,Sabrina (2018),1,809423,4320,0.0,20200327,20200327,0,,0.534
hitmaker,Mata Batin (2017),1,542865,2877,105.0,20200327,20200327,21,83.0,0.53
soraya,Siccin 8,1,465453,112,21.0,20250820,20250820,5,21.0,0.024
