film,rank,word,count
Badarawuhi di Desa Penari (2024),1,nonton,99
Badarawuhi di Desa Penari (2024),2,badarawuhi,83
Badarawuhi di Desa Penari (2024),3,kkn,78
Badarawuhi di Desa Penari (2024),4,desa,66
Badarawuhi di Desa Penari (2024),5,penari,55
Badarawuhi di Desa Penari (2024),6,lebih,41
Badarawuhi di Desa Penari (2024),7,cerita,41
Badarawuhi di Desa Penari (2024),8,horor,36
Badarawuhi di Desa Penari (2024),9,bagus,28
Badarawuhi di Desa Penari (2024),10,movie,25
Badarawuhi di Desa Penari (2024),11,masih,25
Badarawuhi di Desa Penari (2024),12,pertama,24
Badarawuhi di Desa Penari (2024),13,seru,22
Badarawuhi di Desa Penari (2024),14,jawa,22
Badarawuhi di Desa Penari (2024),15,ceritanya,22
Badarawuhi di Desa Penari (2024),16,bioskop,21
Badarawuhi di Desa Penari (2024),17,serem,18
Badarawuhi di Desa Penari (2024),18,orang,18
Badarawuhi di Desa Penari (2024),19,emang,18
Badarawuhi di Desa Penari (2024),20,indonesia,17
Catatan Harian Menantu Sinting (2024),1,radit,98
Catatan Harian Menantu Sinting (2024),2,adegan,21
Catatan Harian Menantu Sinting (2024),3,nonton,18
Catatan Harian Menantu Sinting (2024),4,peran,12
Catatan Harian Menantu Sinting (2024),5,ariel,12
Catatan Harian Menantu Sinting (2024),6,main,11
Catatan Harian Menantu Sinting (2024),7,tatum,11
Catatan Harian Menantu Sinting (2024),8,punya,9
Catatan Harian Menantu Sinting (2024),9,papa,9
Catatan Harian Menantu Sinting (2024),10,liat,8
Catatan Harian Menantu Sinting (2024),11,dika,8
Catatan Harian Menantu Sinting (2024),12,pake,8
Catatan Harian Menantu Sinting (2024),13,ranjang,8
Catatan Harian Menantu Sinting (2024),14,anak,8
Catatan Harian Menantu Sinting (2024),15,raditya,8
Catatan Harian Menantu Sinting (2024),16,indonesia,7
Catatan Harian Menantu Sinting (2024),17,kata,7
Catatan Harian Menantu Sinting (2024),18,kaget,7
Catatan Harian Menantu Sinting (2024),19,keren,6
Catatan Harian Menantu Sinting (2024),20,lucu,6
Danur: The Last Chapter (2026),1,danur,123
Danur: The Last Chapter (2026),2,lebaran,28
Danur: The Last Chapter (2026),3,last,24
Danur: The Last Chapter (2026),4,chapter,23
Danur: The Last Chapter (2026),5,ivanna,20
Danur: The Last Chapter (2026),6,bagus,17
Danur: The Last Chapter (2026),7,risa,17
Danur: The Last Chapter (2026),8,sampah,16
Danur: The Last Chapter (2026),9,semoga,13
Danur: The Last Chapter (2026),10,nonton,13
Danur: The Last Chapter (2026),11,tayang,13
Danur: The Last Chapter (2026),12,bakal,13
Danur: The Last Chapter (2026),13,lebih,13
Danur: The Last Chapter (2026),14,jangan,12
Danur: The Last Chapter (2026),15,conjuring,12
Danur: The Last Chapter (2026),16,imax,11
Danur: The Last Chapter (2026),17,riri,11
Danur: The Last Chapter (2026),18,emang,11
Danur: The Last Chapter (2026),19,horor,11
Danur: The Last Chapter (2026),20,can,11
IVANNA (2022),1,nonton,124
IVANNA (2022),2,keren,88
IVANNA (2022),3,ivanna,82
IVANNA (2022),4,bagus,59
IVANNA (2022),5,kimo,58
IVANNA (2022),6,horor,51
IVANNA (2022),7,danur,46
IVANNA (2022),8,indonesia,39
IVANNA (2022),9,sabar,33
IVANNA (2022),10,bioskop,30
IVANNA (2022),11,semoga,29
IVANNA (2022),12,bikin,25
IVANNA (2022),13,horror,25
IVANNA (2022),14,lebih,24
IVANNA (2022),15,baru,21
IVANNA (2022),16,universe,21
IVANNA (2022),17,terus,20
IVANNA (2022),18,cerita,20
IVANNA (2022),19,indo,18
IVANNA (2022),20,serem,18
Indigo: What Do You See? (2023),1,nonton,122
Indigo: What Do You See? (2023),2,indigo,114
Indigo: What Do You See? (2023),3,mata,93
Indigo: What Do You See? (2023),4,batin,87
Indigo: What Do You See? (2023),5,keren,78
Indigo: What Do You See? (2023),6,hitmaker,63
Indigo: What Do You See? (2023),7,horor,61
Indigo: What Do You See? (2023),8,bagus,52
Indigo: What Do You See? (2023),9,aliando,52
Indigo: What Do You See? (2023),10,amanda,51
Indigo: What Do You See? (2023),11,semoga,51
Indigo: What Do You See? (2023),12,sukses,48
Indigo: What Do You See? (2023),13,orang,44
Indigo: What Do You See? (2023),14,sara,42
Indigo: What Do You See? (2023),15,sabar,40
Indigo: What Do You See? (2023),16,seru,38
Indigo: What Do You See? (2023),17,bioskop,37
Indigo: What Do You See? (2023),18,mirip,37
Indigo: What Do You See? (2023),19,lebih,35
Indigo: What Do You See? (2023),20,tayang,35
Ipar Adalah Maut (2024),1,nonton,62
Ipar Adalah Maut (2024),2,aris,59
Ipar Adalah Maut (2024),3,ipar,58
Ipar Adalah Maut (2024),4,rani,41
Ipar Adalah Maut (2024),5,adalah,37
Ipar Adalah Maut (2024),6,suami,28
Ipar Adalah Maut (2024),7,adik,28
Ipar Adalah Maut (2024),8,maut,28
Ipar Adalah Maut (2024),9,rumah,28
Ipar Adalah Maut (2024),10,bikin,27
Ipar Adalah Maut (2024),11,selingkuh,26
Ipar Adalah Maut (2024),12,laki,26
Ipar Adalah Maut (2024),13,nisa,23
Ipar Adalah Maut (2024),14,anak,23
Ipar Adalah Maut (2024),15,kakak,21
Ipar Adalah Maut (2024),16,klo,20
Ipar Adalah Maut (2024),17,lebih,19
Ipar Adalah Maut (2024),18,semua,18
Ipar Adalah Maut (2024),19,nama,18
Ipar Adalah Maut (2024),20,satu,18
Janur Ireng: Sewu Dino Prequel (2025/2026),1,sewu,67
Janur Ireng: Sewu Dino Prequel (2025/2026),2,dino,66
Janur Ireng: Sewu Dino Prequel (2025/2026),3,ireng,50
Janur Ireng: Sewu Dino Prequel (2025/2026),4,nonton,45
Janur Ireng: Sewu Dino Prequel (2025/2026),5,janur,43
Janur Ireng: Sewu Dino Prequel (2025/2026),6,bikin,37
Janur Ireng: Sewu Dino Prequel (2025/2026),7,kuncoro,34
Janur Ireng: Sewu Dino Prequel (2025/2026),8,jawa,29
Janur Ireng: Sewu Dino Prequel (2025/2026),9,tayang,29
Janur Ireng: Sewu Dino Prequel (2025/2026),10,kimo,29
Janur Ireng: Sewu Dino Prequel (2025/2026),11,bagus,26
Janur Ireng: Sewu Dino Prequel (2025/2026),12,horor,24
Janur Ireng: Sewu Dino Prequel (2025/2026),13,keluarga,23
Janur Ireng: Sewu Dino Prequel (2025/2026),14,sabdo,22
Janur Ireng: Sewu Dino Prequel (2025/2026),15,semoga,22
Janur Ireng: Sewu Dino Prequel (2025/2026),16,lebih,21
Janur Ireng: Sewu Dino Prequel (2025/2026),17,novel,21
Janur Ireng: Sewu Dino Prequel (2025/2026),18,akhirnya,20
Janur Ireng: Sewu Dino Prequel (2025/2026),19,pasti,20
Janur Ireng: Sewu Dino Prequel (2025/2026),20,santet,18
Jurnal Risa by Risa Saraswati (2024),1,nonton,127
Jurnal Risa by Risa Saraswati (2024),2,risa,72
Jurnal Risa by Risa Saraswati (2024),3,medium,50
Jurnal Risa by Risa Saraswati (2024),4,keren,47
Jurnal Risa by Risa Saraswati (2024),5,liat,36
Jurnal Risa by Risa Saraswati (2024),6,jurnal,36
Jurnal Risa by Risa Saraswati (2024),7,serem,34
Jurnal Risa by Risa Saraswati (2024),8,teh,34
Jurnal Risa by Risa Saraswati (2024),9,horor,31
Jurnal Risa by Risa Saraswati (2024),10,bioskop,30
Jurnal Risa by Risa Saraswati (2024),11,wajib,26
Jurnal Risa by Risa Saraswati (2024),12,baru,25
Jurnal Risa by Risa Saraswati (2024),13,mirip,25
Jurnal Risa by Risa Saraswati (2024),14,tayang,25
Jurnal Risa by Risa Saraswati (2024),15,sabar,25
Jurnal Risa by Risa Saraswati (2024),16,bagus,24
Jurnal Risa by Risa Saraswati (2024),17,mah,24
Jurnal Risa by Risa Saraswati (2024),18,jurnalrisa,22
Jurnal Risa by Risa Saraswati (2024),19,pasti,22
Jurnal Risa by Risa Saraswati (2024),20,dokumenter,21
Mata Batin (2017),1,inn,96
Mata Batin (2017),2,nonton,13
Mata Batin (2017),3,mata,11
Mata Batin (2017),4,batin,11
Mata Batin (2017),5,serem,8
Mata Batin (2017),6,kenapaa,6
Mata Batin (2017),7,this,4
Mata Batin (2017),8,movie,4
Mata Batin (2017),9,watch,4
Mata Batin (2017),10,what,4
Mata Batin (2017),11,baru,4
Mata Batin (2017),12,tau,4
Mata Batin (2017),13,iya,4
Mata Batin (2017),14,cari,3
Mata Batin (2017),15,not,3
Mata Batin (2017),16,tahun,3
Mata Batin (2017),17,story,3
Mata Batin (2017),18,part,3
Mata Batin (2017),19,ulang,3
Mata Batin (2017),20,from,3
Perewangan (2024),1,nonton,44
Perewangan (2024),2,indonesia,32
Perewangan (2024),3,horror,23
Perewangan (2024),4,cerita,21
Perewangan (2024),5,bagus,20
Perewangan (2024),6,horor,19
Perewangan (2024),7,tempat,19
Perewangan (2024),8,nessie,18
Perewangan (2024),9,perewangan,17
Perewangan (2024),10,lahir,16
Perewangan (2024),11,banyak,15
Perewangan (2024),12,klo,15
Perewangan (2024),13,tanjung,15
Perewangan (2024),14,kepulauan,15
Perewangan (2024),15,riau,15
Perewangan (2024),16,jawa,14
Perewangan (2024),17,thread,14
Perewangan (2024),18,balai,14
Perewangan (2024),19,karimun,14
Perewangan (2024),20,nama,13
Racun Sangga: Santet Pemisah Rumah Tangga (2024),1,nonton,36
Racun Sangga: Santet Pemisah Rumah Tangga (2024),2,kalimantan,22
Racun Sangga: Santet Pemisah Rumah Tangga (2024),3,bagus,19
Racun Sangga: Santet Pemisah Rumah Tangga (2024),4,horor,16
Racun Sangga: Santet Pemisah Rumah Tangga (2024),5,soraya,16
Racun Sangga: Santet Pemisah Rumah Tangga (2024),6,keren,15
Racun Sangga: Santet Pemisah Rumah Tangga (2024),7,cerita,14
Racun Sangga: Santet Pemisah Rumah Tangga (2024),8,baru,13
Racun Sangga: Santet Pemisah Rumah Tangga (2024),9,tayang,12
Racun Sangga: Santet Pemisah Rumah Tangga (2024),10,racun,12
Racun Sangga: Santet Pemisah Rumah Tangga (2024),11,santet,11
Racun Sangga: Santet Pemisah Rumah Tangga (2024),12,tau,11
Racun Sangga: Santet Pemisah Rumah Tangga (2024),13,banjar,11
Racun Sangga: Santet Pemisah Rumah Tangga (2024),14,setan,11
Racun Sangga: Santet Pemisah Rumah Tangga (2024),15,sangga,11
Racun Sangga: Santet Pemisah Rumah Tangga (2024),16,indo,10
Racun Sangga: Santet Pemisah Rumah Tangga (2024),17,bikin,9
Racun Sangga: Santet Pemisah Rumah Tangga (2024),18,banyak,9
Racun Sangga: Santet Pemisah Rumah Tangga (2024),19,bahasa,9
Racun Sangga: Santet Pemisah Rumah Tangga (2024),20,pasti,8
Santet Segoro Pitu (2024),1,nonton,60
Santet Segoro Pitu (2024),2,keren,43
Santet Segoro Pitu (2024),3,santet,39
Santet Segoro Pitu (2024),4,bagus,29
Santet Segoro Pitu (2024),5,sumala,22
Santet Segoro Pitu (2024),6,horor,21
Santet Segoro Pitu (2024),7,bioskop,21
Santet Segoro Pitu (2024),8,hitmaker,18
Santet Segoro Pitu (2024),9,emang,17
Santet Segoro Pitu (2024),10,cerita,16
Santet Segoro Pitu (2024),11,orang,14
Santet Segoro Pitu (2024),12,klo,14
Santet Segoro Pitu (2024),13,pasti,14
Santet Segoro Pitu (2024),14,baru,13
Santet Segoro Pitu (2024),15,jawa,12
Santet Segoro Pitu (2024),16,tayang,12
Santet Segoro Pitu (2024),17,kisah,11
Santet Segoro Pitu (2024),18,segoro,11
Santet Segoro Pitu (2024),19,banyak,11
Santet Segoro Pitu (2024),20,nyata,10
Siccin 8,1,nonton,11
Siccin 8,2,siccin,5
Siccin 8,3,senayan,2
Siccin 8,4,sabar,2
Siccin 8,5,udh,2
Siccin 8,6,tayang,2
Siccin 8,7,hari,2
Siccin 8,8,masih,2
Siccin 8,9,bioskop,2
Siccin 8,10,sihir,2
Siccin 8,11,youtube,1
Siccin 8,12,alhamdulillah,1
Siccin 8,13,jumat,1
Siccin 8,14,september,1
Siccin 8,15,cin,1
Siccin 8,16,polis,1
Siccin 8,17,park,1
Siccin 8,18,inii,1
Siccin 8,19,sdh,1
Siccin 8,20,ndak,1
Suzzanna: Bernapas dalam Kubur (2018),1,luna,95
Suzzanna: Bernapas dalam Kubur (2018),2,maya,70
Suzzanna: Bernapas dalam Kubur (2018),3,nonton,59
Suzzanna: Bernapas dalam Kubur (2018),4,mirip,49
Suzzanna: Bernapas dalam Kubur (2018),5,suzzana,38
Suzzanna: Bernapas dalam Kubur (2018),6,suzanna,37
Suzzanna: Bernapas dalam Kubur (2018),7,bagus,34
Suzzanna: Bernapas dalam Kubur (2018),8,suzzanna,31
Suzzanna: Bernapas dalam Kubur (2018),9,full,28
Suzzanna: Bernapas dalam Kubur (2018),10,movie,22
Suzzanna: Bernapas dalam Kubur (2018),11,serem,22
Suzzanna: Bernapas dalam Kubur (2018),12,suzana,21
Suzzanna: Bernapas dalam Kubur (2018),13,horror,21
Suzzanna: Bernapas dalam Kubur (2018),14,dalam,21
Suzzanna: Bernapas dalam Kubur (2018),15,malam,21
Suzzanna: Bernapas dalam Kubur (2018),16,bolong,20
Suzzanna: Bernapas dalam Kubur (2018),17,filem,20
Suzzanna: Bernapas dalam Kubur (2018),18,keren,19
Suzzanna: Bernapas dalam Kubur (2018),19,sundel,18
Suzzanna: Bernapas dalam Kubur (2018),20,asli,18
Suzzanna: Malam Jumat Kliwon (2023),1,nonton,277
Suzzanna: Malam Jumat Kliwon (2023),2,luna,187
Suzzanna: Malam Jumat Kliwon (2023),3,keren,176
Suzzanna: Malam Jumat Kliwon (2023),4,maya,114
Suzzanna: Malam Jumat Kliwon (2023),5,suzanna,106
Suzzanna: Malam Jumat Kliwon (2023),6,sabar,103
Suzzanna: Malam Jumat Kliwon (2023),7,bagus,97
Suzzanna: Malam Jumat Kliwon (2023),8,wajib,85
Suzzanna: Malam Jumat Kliwon (2023),9,serem,85
Suzzanna: Malam Jumat Kliwon (2023),10,horor,80
Suzzanna: Malam Jumat Kliwon (2023),11,lebih,80
Suzzanna: Malam Jumat Kliwon (2023),12,mirip,71
Suzzanna: Malam Jumat Kliwon (2023),13,tayang,69
Suzzanna: Malam Jumat Kliwon (2023),14,suzana,68
Suzzanna: Malam Jumat Kliwon (2023),15,suzzana,67
Suzzanna: Malam Jumat Kliwon (2023),16,soraya,61
Suzzanna: Malam Jumat Kliwon (2023),17,bioskop,58
Suzzanna: Malam Jumat Kliwon (2023),18,bikin,52
Suzzanna: Malam Jumat Kliwon (2023),19,seru,52
Suzzanna: Malam Jumat Kliwon (2023),20,pasti,51
Suzzanna: Santet Dosa di Atas Dosa (2026),1,luna,154
Suzzanna: Santet Dosa di Atas Dosa (2026),2,nonton,116
Suzzanna: Santet Dosa di Atas Dosa (2026),3,maya,111
Suzzanna: Santet Dosa di Atas Dosa (2026),4,suzanna,108
Suzzanna: Santet Dosa di Atas Dosa (2026),5,mirip,94
Suzzanna: Santet Dosa di Atas Dosa (2026),6,keren,90
Suzzanna: Santet Dosa di Atas Dosa (2026),7,bagus,84
Suzzanna: Santet Dosa di Atas Dosa (2026),8,lebih,81
Suzzanna: Santet Dosa di Atas Dosa (2026),9,suzzana,81
Suzzanna: Santet Dosa di Atas Dosa (2026),10,reza,73
Suzzanna: Santet Dosa di Atas Dosa (2026),11,suzzanna,69
Suzzanna: Santet Dosa di Atas Dosa (2026),12,santet,66
Suzzanna: Santet Dosa di Atas Dosa (2026),13,horor,53
Suzzanna: Santet Dosa di Atas Dosa (2026),14,suzana,47
Suzzanna: Santet Dosa di Atas Dosa (2026),15,remake,46
Suzzanna: Santet Dosa di Atas Dosa (2026),16,lebaran,40
Suzzanna: Santet Dosa di Atas Dosa (2026),17,soraya,39
Suzzanna: Santet Dosa di Atas Dosa (2026),18,masih,36
Suzzanna: Santet Dosa di Atas Dosa (2026),19,dulu,35
Suzzanna: Santet Dosa di Atas Dosa (2026),20,pasti,32
The Doll 3 (2022),1,doll,108
The Doll 3 (2022),2,chucky,102
The Doll 3 (2022),3,boneka,69
The Doll 3 (2022),4,nonton,49
The Doll 3 (2022),5,indonesia,40
The Doll 3 (2022),6,bikin,34
The Doll 3 (2022),7,movie,31
The Doll 3 (2022),8,bonekanya,30
The Doll 3 (2022),9,mirip,28
The Doll 3 (2022),10,beda,27
The Doll 3 (2022),11,horror,27
The Doll 3 (2022),12,bobby,26
The Doll 3 (2022),13,bagus,24
The Doll 3 (2022),14,tau,22
The Doll 3 (2022),15,this,22
The Doll 3 (2022),16,kek,21
The Doll 3 (2022),17,orang,21
The Doll 3 (2022),18,bunuh,20
The Doll 3 (2022),19,alur,20
The Doll 3 (2022),20,cerita,19
