film,Suzzanna: Malam Jumat Kliwon (2023),Suzzanna: Santet Dosa di Atas Dosa (2026),Jurnal Risa by Risa Saraswati (2024),Janur Ireng: Sewu Dino Prequel (2025/2026),Suzzanna: Bernapas dalam Kubur (2018),Badarawuhi di Desa Penari (2024),Ivanna (2022),Ipar Adalah Maut (2024),Danur: The Last Chapter (2026),Perewangan (2024),Catatan Harian Menantu Sinting (2024),Racun Sangga: Santet Pemisah Rumah Tangga (2024),Siccin 8
Suzzanna: Malam Jumat Kliwon (2023),1.0,0.0212,0.0088,0.0136,0.0098,0.0044,0.0055,0.0068,0.006,0.0048,0.003,0.0025,0.0
Suzzanna: Santet Dosa di Atas Dosa (2026),0.0212,1.0,0.008,0.0296,0.0071,0.0043,0.0014,0.009,0.0283,0.0057,0.0041,0.0079,0.001
Jurnal Risa by Risa Saraswati (2024),0.0088,0.008,1.0,0.0139,0.0018,0.0066,0.0057,0.002,0.0135,0.0079,0.0057,0.0037,0.0
Janur Ireng: Sewu Dino Prequel (2025/2026),0.0136,0.0296,0.0139,1.0,0.0023,0.0035,0.0024,0.0076,0.039,0.0118,0.0045,0.0083,0.0022
Suzzanna: Bernapas dalam Kubur (2018),0.0098,0.0071,0.0018,0.0023,1.0,0.0047,0.006,0.0013,0.0073,0.0044,0.0015,0.0,0.0022
Badarawuhi di Desa Penari (2024),0.0044,0.0043,0.0066,0.0035,0.0047,1.0,0.0062,0.0,0.0076,0.0015,0.0015,0.0017,0.0
Ivanna (2022),0.0055,0.0014,0.0057,0.0024,0.006,0.0062,1.0,0.0,0.0046,0.0031,0.0032,0.0018,0.0
Ipar Adalah Maut (2024),0.0068,0.009,0.002,0.0076,0.0013,0.0,0.0,1.0,0.0067,0.005,0.0051,0.0019,0.0
Danur: The Last Chapter (2026),0.006,0.0283,0.0135,0.039,0.0073,0.0076,0.0046,0.0067,1.0,0.0081,0.0041,0.0121,0.0074
Perewangan (2024),0.0048,0.0057,0.0079,0.0118,0.0044,0.0015,0.0031,0.005,0.0081,1.0,0.0,0.0098,0.0
Catatan Harian Menantu Sinting (2024),0.003,0.0041,0.0057,0.0045,0.0015,0.0015,0.0032,0.0051,0.0041,0.0,1.0,0.0025,0.0
Racun Sangga: Santet Pemisah Rumah Tangga (2024),0.0025,0.0079,0.0037,0.0083,0.0,0.0017,0.0018,0.0019,0.0121,0.0098,0.0025,1.0,0.0053
Siccin 8,0.0,0.001,0.0,0.0022,0.0022,0.0,0.0,0.0,0.0074,0.0,0.0,0.0053,1.0
