film,pasangan,resiprositas
SEMUA,1571,0.2088
Badarawuhi di Desa Penari (2024),77,0.2078
Catatan Harian Menantu Sinting (2024),52,0.1154
Danur: The Last Chapter (2026),107,0.243
Ipar Adalah Maut (2024),98,0.0816
Ivanna (2022),65,0.4615
Janur Ireng: Sewu Dino Prequel (2025/2026),128,0.3281
Jurnal Risa by Risa Saraswati (2024),185,0.2378
Perewangan (2024),110,0.1636
Racun Sangga: Santet Pemisah Rumah Tangga (2024),65,0.1231
Siccin 8,5,0.0
Suzzanna: Bernapas dalam Kubur (2018),79,0.1772
Suzzanna: Malam Jumat Kliwon (2023),321,0.2056
Suzzanna: Santet Dosa di Atas Dosa (2026),280,0.1786
