akun,komentar+balasan_dibuat,film
user_a86f2cca6ce7,36,Danur: The Last C…; Janur Ireng: Sewu…; Racun Sangga: San…; Siccin 8; Suzzanna: Santet …
user_4b396e2c580d,29,Badarawuhi di Des…; Danur: The Last C…; Jurnal Risa by Ri…; Suzzanna: Malam J…; Suzzanna: Santet …
user_723d47d6bfef,29,Janur Ireng: Sewu…; Suzzanna: Malam J…; Suzzanna: Santet …
user_1f8cdf894e6d,28,Jurnal Risa by Ri…
user_4b7d675cdfe7,26,Ivanna
user_86a771e04616,26,Ipar Adalah Maut
user_e6f7ec505c86,16,Danur: The Last C…; Ipar Adalah Maut; Janur Ireng: Sewu…; Perewangan; Suzzanna: Malam J…; Suzzanna: Santet …
user_7e8972108e68,14,Suzzanna: Bernapa…; Suzzanna: Malam J…; Suzzanna: Santet …
user_bf78f9042887,14,Suzzanna: Bernapa…; Suzzanna: Malam J…
user_2768e357902b,13,Ivanna; Jurnal Risa by Ri…
user_b8fc3e3d26ac,13,Ivanna; Suzzanna: Bernapa…; Suzzanna: Malam J…
user_cce93805c316,13,Danur: The Last C…
user_ec3009f1d650,13,Danur: The Last C…; Suzzanna: Bernapa…
user_ab3b0a519463,12,Badarawuhi di Des…
user_e2b50a001b4b,12,Suzzanna: Santet …
user_0a3c7c1474ee,11,Badarawuhi di Des…
user_17861810211f,11,Badarawuhi di Des…
user_698bfcf4f14c,11,Badarawuhi di Des…; Catatan Harian Me…; Jurnal Risa by Ri…; Suzzanna: Malam J…
user_c4e5c7b7139e,11,Suzzanna: Malam J…
user_014f386718d1,10,Suzzanna: Malam J…; Suzzanna: Santet …
user_2f6846a4e56f,10,Jurnal Risa by Ri…; Perewangan; Suzzanna: Malam J…
user_af8cced3bc11,10,Janur Ireng: Sewu…; Suzzanna: Malam J…; Suzzanna: Santet …
user_ecf0e77565e2,10,Danur: The Last C…; Suzzanna: Bernapa…; Suzzanna: Malam J…
user_a802b31623aa,9,Suzzanna: Santet …
user_b2db4fac384c,9,Jurnal Risa by Ri…
user_c5ba99efc4aa,9,Danur: The Last C…; Ivanna
user_d3c57408d206,9,Suzzanna: Santet …
user_d618c596781b,9,Catatan Harian Me…; Danur: The Last C…; Janur Ireng: Sewu…; Jurnal Risa by Ri…; Racun Sangga: San…; Suzzanna: Santet …
user_2e1ecc66c9cb,8,Suzzanna: Malam J…; Suzzanna: Santet …
user_481990b3da73,8,Suzzanna: Bernapa…
