akun,balasan_diterima,film
user_e6f7ec505c86,38,Danur: The Last C…; Ipar Adalah Maut; Janur Ireng: Sewu…; Perewangan; Suzzanna: Malam J…; Suzzanna: Santet …
user_c6ff7e74e44f,28,Suzzanna: Malam J…
user_d3c57408d206,20,Suzzanna: Santet …
user_4b7d675cdfe7,19,Ivanna
user_7df7bd5916c3,18,Perewangan
user_731461325f99,17,Suzzanna: Malam J…; Suzzanna: Santet …
user_7246470f6590,16,Perewangan; Racun Sangga: San…
user_38407c0ab8cb,15,Perewangan
user_7dc1bc16fc9b,15,Suzzanna: Malam J…
user_17861810211f,12,Badarawuhi di Des…
user_fb198f11b424,11,Danur: The Last C…; Janur Ireng: Sewu…; Jurnal Risa by Ri…; Racun Sangga: San…
user_542249629584,11,Suzzanna: Malam J…
user_4b396e2c580d,11,Badarawuhi di Des…; Danur: The Last C…; Jurnal Risa by Ri…; Suzzanna: Malam J…; Suzzanna: Santet …
user_0dd7026df631,11,Ipar Adalah Maut
user_f84ac5a4dde8,11,Janur Ireng: Sewu…
user_014f386718d1,10,Suzzanna: Malam J…; Suzzanna: Santet …
user_113a944c5df2,10,Jurnal Risa by Ri…; Suzzanna: Malam J…
user_ed6e4cf6b657,10,Danur: The Last C…; Suzzanna: Santet …
user_7717bab15162,9,Suzzanna: Santet …
user_d618c596781b,8,Catatan Harian Me…; Danur: The Last C…; Janur Ireng: Sewu…; Jurnal Risa by Ri…; Racun Sangga: San…; Suzzanna: Santet …
user_46d1be9f645c,8,Catatan Harian Me…
user_9b9c554b7e37,8,Suzzanna: Malam J…
user_1f8cdf894e6d,8,Jurnal Risa by Ri…
user_6b0de0b92027,8,Suzzanna: Malam J…
user_034d8b692a00,7,Ivanna
user_56f2426c0408,7,Janur Ireng: Sewu…
user_9925dfbc2036,7,Ipar Adalah Maut
user_a93a7594a3ac,7,Racun Sangga: San…
user_37b83400e254,7,Jurnal Risa by Ri…
user_f70fe133f82c,6,Suzzanna: Santet …
