akun,betweenness,film
user_4b396e2c580d,0.114182,Badarawuhi di Des…; Danur: The Last C…; Jurnal Risa by Ri…; Suzzanna: Malam J…; Suzzanna: Santet …
user_e6f7ec505c86,0.108917,Danur: The Last C…; Ipar Adalah Maut; Janur Ireng: Sewu…; Perewangan; Suzzanna: Malam J…; Suzzanna: Santet …
user_a86f2cca6ce7,0.100751,Danur: The Last C…; Janur Ireng: Sewu…; Racun Sangga: San…; Siccin 8; Suzzanna: Santet …
user_014f386718d1,0.061437,Suzzanna: Malam J…; Suzzanna: Santet …
user_731461325f99,0.048376,Suzzanna: Malam J…; Suzzanna: Santet …
user_86a771e04616,0.04439,Ipar Adalah Maut
user_8501d77535ac,0.042659,Suzzanna: Santet …
user_1f8cdf894e6d,0.041208,Jurnal Risa by Ri…
user_723d47d6bfef,0.038776,Janur Ireng: Sewu…; Suzzanna: Malam J…; Suzzanna: Santet …
user_bd7e4f4108c6,0.038427,Suzzanna: Bernapa…; Suzzanna: Santet …
user_c6ff7e74e44f,0.036264,Suzzanna: Malam J…
user_cce93805c316,0.036175,Danur: The Last C…
user_a802b31623aa,0.031644,Suzzanna: Santet …
user_bf78f9042887,0.031341,Suzzanna: Bernapa…; Suzzanna: Malam J…
user_d618c596781b,0.030964,Catatan Harian Me…; Danur: The Last C…; Janur Ireng: Sewu…; Jurnal Risa by Ri…; Racun Sangga: San…; Suzzanna: Santet …
user_c5ba99efc4aa,0.029745,Danur: The Last C…; Ivanna
user_d7e4bf93168e,0.028588,Danur: The Last C…; Janur Ireng: Sewu…; Racun Sangga: San…
user_7246470f6590,0.027866,Perewangan; Racun Sangga: San…
user_33de7f02a4a8,0.027828,Jurnal Risa by Ri…
user_fe24cc310ff4,0.025801,Danur: The Last C…
user_7d5bb5ae2bc2,0.024575,Jurnal Risa by Ri…; Suzzanna: Malam J…
user_96f01fe9863a,0.023539,Suzzanna: Malam J…
user_5bc4f745d132,0.02333,Badarawuhi di Des…; Ivanna; Jurnal Risa by Ri…
user_ec3009f1d650,0.022963,Danur: The Last C…; Suzzanna: Bernapa…
user_ad25edd9ee2f,0.020483,Danur: The Last C…
user_c16e22bf5698,0.019633,Danur: The Last C…; Ivanna
user_d3c57408d206,0.019569,Suzzanna: Santet …
user_1c28f191697d,0.019141,Ipar Adalah Maut; Suzzanna: Bernapa…; Suzzanna: Malam J…
user_698bfcf4f14c,0.017838,Badarawuhi di Des…; Catatan Harian Me…; Jurnal Risa by Ri…; Suzzanna: Malam J…
user_7c3d18b2ab52,0.017824,Janur Ireng: Sewu…
