akun,jumlah_film,film
user_e6f7ec505c86,6,Danur: The Last C…; Ipar Adalah Maut; Janur Ireng: Sewu…; Perewangan; Suzzanna: Malam J…; Suzzanna: Santet …
user_d618c596781b,6,Catatan Harian Me…; Danur: The Last C…; Janur Ireng: Sewu…; Jurnal Risa by Ri…; Racun Sangga: San…; Suzzanna: Santet …
user_a86f2cca6ce7,5,Danur: The Last C…; Janur Ireng: Sewu…; Racun Sangga: San…; Siccin 8; Suzzanna: Santet …
user_4b396e2c580d,5,Badarawuhi di Des…; Danur: The Last C…; Jurnal Risa by Ri…; Suzzanna: Malam J…; Suzzanna: Santet …
user_887522c6ae82,4,Ipar Adalah Maut; Janur Ireng: Sewu…; Perewangan; Suzzanna: Santet …
user_3873b45dbaef,4,Danur: The Last C…; Perewangan; Racun Sangga: San…; Suzzanna: Santet …
user_e25968070de7,4,Danur: The Last C…; Ivanna; Janur Ireng: Sewu…; Suzzanna: Santet …
user_de69fb6bdf89,4,Danur: The Last C…; Ipar Adalah Maut; Janur Ireng: Sewu…; Suzzanna: Santet …
user_d8ec99237d9c,4,Janur Ireng: Sewu…; Jurnal Risa by Ri…; Suzzanna: Malam J…; Suzzanna: Santet …
user_bb5495722609,4,Danur: The Last C…; Ipar Adalah Maut; Janur Ireng: Sewu…; Suzzanna: Santet …
user_b959d3fe7cc0,4,Badarawuhi di Des…; Jurnal Risa by Ri…; Racun Sangga: San…; Suzzanna: Malam J…
user_9eba6ee37f75,4,Danur: The Last C…; Janur Ireng: Sewu…; Jurnal Risa by Ri…; Suzzanna: Santet …
user_9d191816132c,4,Badarawuhi di Des…; Danur: The Last C…; Suzzanna: Bernapa…; Suzzanna: Santet …
user_698bfcf4f14c,4,Badarawuhi di Des…; Catatan Harian Me…; Jurnal Risa by Ri…; Suzzanna: Malam J…
user_4f749a01b43b,4,Badarawuhi di Des…; Ivanna; Perewangan; Suzzanna: Bernapa…
user_fb198f11b424,4,Danur: The Last C…; Janur Ireng: Sewu…; Jurnal Risa by Ri…; Racun Sangga: San…
user_32576ccc914c,4,Catatan Harian Me…; Janur Ireng: Sewu…; Jurnal Risa by Ri…; Suzzanna: Santet …
user_0c15c8c39ff1,4,Ivanna; Perewangan; Suzzanna: Bernapa…; Suzzanna: Malam J…
user_1c28f191697d,3,Ipar Adalah Maut; Suzzanna: Bernapa…; Suzzanna: Malam J…
user_af8cced3bc11,3,Janur Ireng: Sewu…; Suzzanna: Malam J…; Suzzanna: Santet …
user_b2227f4d4c8f,3,Janur Ireng: Sewu…; Perewangan; Suzzanna: Santet …
user_b8fc3e3d26ac,3,Ivanna; Suzzanna: Bernapa…; Suzzanna: Malam J…
user_26010cce2eff,3,Janur Ireng: Sewu…; Perewangan; Suzzanna: Malam J…
user_24b9fea55b37,3,Ipar Adalah Maut; Suzzanna: Malam J…; Suzzanna: Santet …
user_bc4bab7930a0,3,Jurnal Risa by Ri…; Perewangan; Suzzanna: Bernapa…
user_be62850363c6,3,Janur Ireng: Sewu…; Suzzanna: Malam J…; Suzzanna: Santet …
user_c242a489f99e,3,Janur Ireng: Sewu…; Suzzanna: Malam J…; Suzzanna: Santet …
user_c8c0c7ea152f,3,Janur Ireng: Sewu…; Perewangan; Suzzanna: Malam J…
user_d56ffe828076,3,Suzzanna: Bernapa…; Suzzanna: Malam J…; Suzzanna: Santet …
user_d7e4bf93168e,3,Danur: The Last C…; Janur Ireng: Sewu…; Racun Sangga: San…
user_ad3f26a7e5f6,3,Catatan Harian Me…; Suzzanna: Malam J…; Suzzanna: Santet …
user_135877934a92,3,Janur Ireng: Sewu…; Suzzanna: Malam J…; Suzzanna: Santet …
user_d950a1138663,3,Jurnal Risa by Ri…; Suzzanna: Bernapa…; Suzzanna: Malam J…
user_dcc16ef370ec,3,Janur Ireng: Sewu…; Jurnal Risa by Ri…; Perewangan
user_ddfbb3c5bc7a,3,Jurnal Risa by Ri…; Suzzanna: Malam J…; Suzzanna: Santet …
user_13172d4e3938,3,Danur: The Last C…; Janur Ireng: Sewu…; Jurnal Risa by Ri…
user_e12e4527baa4,3,Danur: The Last C…; Janur Ireng: Sewu…; Suzzanna: Santet …
user_0d2280effdf9,3,Janur Ireng: Sewu…; Racun Sangga: San…; Suzzanna: Malam J…
user_e9366e813827,3,Danur: The Last C…; Suzzanna: Malam J…; Suzzanna: Santet …
user_ecf0e77565e2,3,Danur: The Last C…; Suzzanna: Bernapa…; Suzzanna: Malam J…
user_aefdb54ded9c,3,Danur: The Last C…; Janur Ireng: Sewu…; Suzzanna: Malam J…
user_a9cdb4dfd266,3,Janur Ireng: Sewu…; Suzzanna: Malam J…; Suzzanna: Santet …
user_483026af7e6a,3,Janur Ireng: Sewu…; Jurnal Risa by Ri…; Suzzanna: Malam J…
user_723d47d6bfef,3,Janur Ireng: Sewu…; Suzzanna: Malam J…; Suzzanna: Santet …
user_2f6846a4e56f,3,Jurnal Risa by Ri…; Perewangan; Suzzanna: Malam J…
user_2dcae96b96b5,3,Janur Ireng: Sewu…; Suzzanna: Bernapa…; Suzzanna: Malam J…
user_5b1a4282321f,3,Badarawuhi di Des…; Jurnal Risa by Ri…; Suzzanna: Malam J…
user_5bc4f745d132,3,Badarawuhi di Des…; Ivanna; Jurnal Risa by Ri…
user_5bd1f72e3add,3,Perewangan; Racun Sangga: San…; Suzzanna: Santet …
user_6403b07e64ca,3,Danur: The Last C…; Suzzanna: Bernapa…; Suzzanna: Santet …
user_6652db8a3f87,3,Ipar Adalah Maut; Janur Ireng: Sewu…; Suzzanna: Santet …
user_2aedde9b8d0c,3,Catatan Harian Me…; Ipar Adalah Maut; Suzzanna: Santet …
user_6c17536d8db4,3,Ipar Adalah Maut; Suzzanna: Malam J…; Suzzanna: Santet …
user_6d0e30145203,3,Ipar Adalah Maut; Suzzanna: Malam J…; Suzzanna: Santet …
user_756cfffd7475,3,Danur: The Last C…; Janur Ireng: Sewu…; Suzzanna: Santet …
user_26591197f697,3,Danur: The Last C…; Suzzanna: Bernapa…; Suzzanna: Santet …
user_77f8f9a7fcda,3,Danur: The Last C…; Janur Ireng: Sewu…; Suzzanna: Santet …
user_7e8972108e68,3,Suzzanna: Bernapa…; Suzzanna: Malam J…; Suzzanna: Santet …
user_864a39909692,3,Catatan Harian Me…; Suzzanna: Bernapa…; Suzzanna: Malam J…
user_01ccf04a5e71,3,Danur: The Last C…; Janur Ireng: Sewu…; Suzzanna: Malam J…
user_8934ffa4a794,3,Janur Ireng: Sewu…; Jurnal Risa by Ri…; Suzzanna: Santet …
user_8d863075a78a,3,Racun Sangga: San…; Suzzanna: Malam J…; Suzzanna: Santet …
user_980a1c784e8e,3,Janur Ireng: Sewu…; Suzzanna: Malam J…; Suzzanna: Santet …
user_2a25b61cd7dd,3,Suzzanna: Bernapa…; Suzzanna: Malam J…; Suzzanna: Santet …
user_9df0e8902e99,3,Janur Ireng: Sewu…; Suzzanna: Malam J…; Suzzanna: Santet …
user_27f7563a2b76,3,Danur: The Last C…; Janur Ireng: Sewu…; Suzzanna: Santet …
user_00efa3168330,3,Ipar Adalah Maut; Suzzanna: Malam J…; Suzzanna: Santet …
