film,pasangan_teratas
Racun Sangga: Santet Pemisah Rumah Tangga (2024),"racun sangga(10), soraya intercine(8), nonton film(7), rizal mantovani(6), film horor(6), film bagus(4)"
Suzzanna: Bernapas dalam Kubur (2018),"luna maya(68), sundel bolong(15), kak luna(11), nonton film(9), jumat kliwon(8), full movie(8)"
Suzzanna: Malam Jumat Kliwon (2023),"luna maya(113), wajib nonton(53), film horor(35), jumat kliwon(28), malam jumat(27), sundel bolong(24)"
Catatan Harian Menantu Sinting (2024),"bang radit(42), ariel tatum(9), radit main(7), raditya dika(7), main film(5), adegan ranjang(5)"
Suzzanna: Santet Dosa di Atas Dosa (2026),"luna maya(111), soraya intercine(24), film horor(23), intercine films(19), film suzanna(15), clift sangra(14)"
Siccin 8,"nonton siccin(2), mau nonton(2), nonton film(2), siccin nonton(1), nonton youtube(1), youtube alhamdulillah(1)"
Jurnal Risa by Risa Saraswati (2024),"jurnal risa(31), teh risa(19), wajib nonton(15), film horor(13), pengen nonton(12), harus nonton(11)"
Danur: The Last Chapter (2026),"last chapter(21), danur last(16), film danur(8), film horor(8), film sampah(7), danur universe(5)"
Ipar Adalah Maut (2024),"adalah maut(24), ipar adalah(21), rumah tangga(13), nonton film(10), adik ipar(8), mas aris(8)"
Janur Ireng: Sewu Dino Prequel (2025/2026),"sewu dino(65), janur ireng(42), trah pitu(9), film horor(9), kimo stamboel(9), ranjat kembang(8)"
Perewangan (2024),"film indonesia(17), kepulauan riau(15), tanjung balai(14), balai karimun(14), film horor(10), karimun kepulauan(10)"
Ivanna (2022),"film horor(18), nonton film(16), judul lagu(13), film danur(11), film ivanna(10), pengabdi setan(9)"
Badarawuhi di Desa Penari (2024),"desa penari(48), kkn desa(36), film horor(16), siksa kubur(16), nonton bioskop(13), abc gaming(11)"
