pasangan,frekuensi
luna maya,293
film horor,144
nonton film,92
wajib nonton,87
sewu dino,73
film horror,67
nonton bioskop,60
desa penari,60
pengen nonton,59
mau nonton,56
soraya intercine,48
janur ireng,47
sundel bolong,46
film indonesia,45
kkn desa,44
harus nonton,42
bang radit,42
kak luna,41
jumat kliwon,41
kisah nyata,39
malam jumat,38
pengabdi setan,37
jurnal risa,34
lebih bagus,33
film suzanna,33
bikin film,32
baru nonton,32
intercine films,31
horor indonesia,30
film bagus,27
film suzzana,27
ilmu hitam,27
ratu ilmu,26
main film,25
adalah maut,25
luar biasa,24
bernapas kubur,24
tayang bioskop,24
sabar nonton,24
teh risa,24
