video_id,title,channel,upload_date,duration_s,views,likes,comment_count,url,set,film,comments_collected,unique_commenters,replies,share_positive,share_negative,share_intent,degree,weighted_degree,betweenness,eigenvector,community,like_rate_pct,comments_per_10k_views,hit_cap_500
O29hLG_37qI,Ivanna - Official Trailer | SEDANG TAYANG DI BIOSKOP,MD Pictures,20220428,156,3814783,51473,500,https://www.youtube.com/watch?v=O29hLG_37qI,ivanna,IVANNA (2022),500,400,100,0.302,0.11,0.232,10,20,0.0,0.0913,2,1.349,1.311,True
LWdoRl6Lt-g,Official Theatrical Trailer “Racun Sangga : Santet Pemisah Rumah Tangga” | Hanya di Bioskop 12.12.24,Soraya Intercine Films,20241108,140,2750970,1664,143,https://www.youtube.com/watch?v=LWdoRl6Lt-g,soraya,Racun Sangga: Santet Pemisah Rumah Tangga (2024),143,127,58,0.413,0.063,0.224,10,16,0.0333,0.0425,1,0.06,0.52,False
D5i5XHUArr4,OFFICIAL TRAILER 2 SUZZANNA: SANTET DOSA DI ATAS DOSA,Soraya Intercine Films,20260307,142,2012767,2912,309,https://www.youtube.com/watch?v=D5i5XHUArr4,soraya,Suzzanna: Santet Dosa di Atas Dosa (2026),309,236,100,0.392,0.087,0.207,12,52,0.0,0.2624,3,0.145,1.535,False
W3OiJi8UyUk,Official Trailer Extended and Uncut - Suzzanna Malam Jumat Kliwon | Nantikan di bioskop 3.8.23,Soraya Intercine Films,20230622,189,1990269,12995,500,https://www.youtube.com/watch?v=W3OiJi8UyUk,soraya,Suzzanna: Malam Jumat Kliwon (2023),500,455,58,0.368,0.136,0.198,11,75,0.0292,0.3928,2,0.653,2.512,True
arzxhCdn4PM,Official Teaser Trailer - Suzzanna Malam Jumat Kliwon | Tayang Di Bioskop 2023,Soraya Intercine Films,20230518,75,1853515,10250,500,https://www.youtube.com/watch?v=arzxhCdn4PM,soraya,Suzzanna: Malam Jumat Kliwon (2023),500,433,81,0.31,0.086,0.254,12,62,0.0792,0.3116,2,0.553,2.698,True
BMIQqHLTyzY,Official Trailer Catatan Harian Menantu Sinting | Siap Sinting Bareng Minar & Sahat?,Soraya Intercine Films,20240704,155,1793803,15878,32,https://www.youtube.com/watch?v=BMIQqHLTyzY,soraya,Catatan Harian Menantu Sinting (2024),32,29,9,0.125,0.094,0.125,5,5,0.0,0.0147,1,0.885,0.178,False
IKm7yQLorPo,Official Teaser Trailer “Racun Sangga : Santet Pemisah Rumah Tangga” | Hanya di Bioskop 12.12.24,Soraya Intercine Films,20241024,75,1105332,272,15,https://www.youtube.com/watch?v=IKm7yQLorPo,soraya,Racun Sangga: Santet Pemisah Rumah Tangga (2024),15,12,7,0.133,0.067,0.2,5,7,0.0,0.0144,1,0.025,0.136,False
16A1f7cAoOQ,OFFICIAL EXTENDED TRAILER RACUN SANGGA : “SANTET PEMISAH RUMAH TANGGA”,Soraya Intercine Films,20241122,183,966129,287,25,https://www.youtube.com/watch?v=16A1f7cAoOQ,soraya,Racun Sangga: Santet Pemisah Rumah Tangga (2024),25,23,5,0.44,0.08,0.28,7,11,0.0,0.0428,1,0.03,0.259,False
u16-sKOCTUo,OFFICIAL TRAILER SUZZANNA: SANTET DOSA DI ATAS DOSA - LEBARAN 2026,Soraya Intercine Films,20260126,176,880820,4637,500,https://www.youtube.com/watch?v=u16-sKOCTUo,soraya,Suzzanna: Santet Dosa di Atas Dosa (2026),500,461,61,0.414,0.076,0.126,11,58,0.1083,0.2914,3,0.526,5.677,True
_vHlSlQ5QOY,Exclusive Pre Release Trailer - Suzzanna Malam Jumat Kliwon,Soraya Intercine Films,20230727,120,751489,4274,494,https://www.youtube.com/watch?v=_vHlSlQ5QOY,soraya,Suzzanna: Malam Jumat Kliwon (2023),494,414,100,0.443,0.099,0.223,13,88,0.0917,0.436,2,0.569,6.574,False
xSMw6AWHHKY,Pre-Release Trailer Film “Racun Sangga : Santet Pemisah Rumah Tangga,Soraya Intercine Films,20241209,77,537008,170,36,https://www.youtube.com/watch?v=xSMw6AWHHKY,soraya,Racun Sangga: Santet Pemisah Rumah Tangga (2024),36,32,13,0.139,0.139,0.194,10,13,0.0278,0.0416,1,0.032,0.67,False
WPljV8uKnYk,Official Trailer SICCIN 8 | Tayang 11 SEPTEMBER di Bioskop,Soraya Intercine Films,20250820,135,465453,112,23,https://www.youtube.com/watch?v=WPljV8uKnYk,soraya,Siccin 8,23,23,6,0.087,0.217,0.565,4,4,0.0,0.0155,3,0.024,0.494,False
7HpkNw-eYh0,"Theatrical Trailer - Suzzanna Malam Jumat Kliwon | Luna Maya dan Megantara,di Bioskop 3.8.23",Soraya Intercine Films,20230706,128,274292,2023,257,https://www.youtube.com/watch?v=7HpkNw-eYh0,soraya,Suzzanna: Malam Jumat Kliwon (2023),257,221,63,0.385,0.074,0.198,11,56,0.0333,0.308,2,0.738,9.37,False
ky6MO1r3UVg,Official Trailer Catatan Harian Menantu Sinting | Hanya di Bioskop 18.7.24,Soraya Intercine Films,20240613,155,264082,1512,155,https://www.youtube.com/watch?v=ky6MO1r3UVg,soraya,Catatan Harian Menantu Sinting (2024),155,148,26,0.129,0.103,0.09,12,15,0.0028,0.0545,1,0.573,5.869,False
cF7Z1RLKlu0,OFFICIAL TEASER TRAILER 2 SUZZANNA: SANTET DOSA DI ATAS DOSA,Soraya Intercine Films,20251212,83,152205,1421,201,https://www.youtube.com/watch?v=cF7Z1RLKlu0,soraya,Suzzanna: Santet Dosa di Atas Dosa (2026),201,187,67,0.343,0.114,0.149,12,75,0.2792,0.3659,3,0.934,13.206,False
NnryGVjzuso,OFFICIAL TEASER TRAILER 1 SUZZANNA : SANTET DOSA DI ATAS DOSA | HANYA DI BIOSKOP SEGERA,Soraya Intercine Films,20251031,56,141862,1447,277,https://www.youtube.com/watch?v=NnryGVjzuso,soraya,Suzzanna: Santet Dosa di Atas Dosa (2026),277,227,72,0.307,0.101,0.162,16,83,0.2722,0.3964,3,1.02,19.526,False
gc81ZkY-Kg8,Official Teaser Trailer Catatan Harian Menantu Sinting | Hanya di Bioskop 18.7.24,Soraya Intercine Films,20240524,88,93768,519,103,https://www.youtube.com/watch?v=gc81ZkY-Kg8,soraya,Catatan Harian Menantu Sinting (2024),103,87,35,0.165,0.146,0.097,7,10,0.0,0.0382,1,0.553,10.985,False
