film,trailers,views_total,likes_total,comments,unique_commenters,net_indobert,pos_indobert,net_gabungan,pos_gabungan,net_leksikon_emoji,pos_leksikon_emoji,net_emoji,pos_emoji,release,semua_trailer_diunggah_setelah_rilis,film_id,penonton,is_final,source,retrieved_at,rumah_produksi,tahun,genre,is_franchise,momen_rilis,source_url,tanggal_rilis
Catatan Harian Menantu Sinting (2024),3,2151656,17909,257.0,234.0,-0.529,0.179,-0.506,0.187,0.035,0.152,0.073,0.091,2024-07-18 00:00:00+00:00,False,menantu-sinting-2024,713862,1,filmindonesia.or.id,2024-08-30,Soraya Intercine Films,2024,Comedy/Drama,0,Liburan Sekolah,https://rri.co.id/padang/hiburan/879142/sakaratul-maut-terbanyak-ditonton-pekan-ini,2024-07-18
Indigo: What Do You See? (2023),3,3147375,12378,793.0,616.0,-0.024,0.41,0.024,0.431,0.347,0.427,0.564,0.573,2023-10-19 00:00:00+00:00,False,indigo-2023,1015231,1,Wikipedia ID / filmindonesia.or.id,2023-12-01,Hitmaker Studios (dist.) / Legacy Pictures,2023,Horror,0,Halloween / Reguler,https://id.wikipedia.org/wiki/Indigo:_What_Do_You_See,2023-10-19
Mata Batin (2017),1,542865,2877,105.0,83.0,-0.438,0.162,-0.41,0.171,0.095,0.181,0.467,0.467,,False,mata-batin-2017,1282557,1,filmindonesia.or.id,2018-01-15,Hitmaker Studios,2017,Horror,0,Reguler,https://filmindonesia.or.id,
Racun Sangga: Santet Pemisah Rumah Tangga (2024),4,5359442,2393,198.0,168.0,-0.071,0.389,-0.045,0.404,0.303,0.384,0.529,0.529,2024-12-12 00:00:00+00:00,False,racun-sangga-2024,525034,0,Pikiran Rakyat / IG Soraya,2025-01-01,Soraya Intercine Films,2024,Horror,0,Akhir Tahun,https://jambi.pikiran-rakyat.com/selebritas-film/pr-3468932062/belum-menembus-box-office-indonesia-2024-segini-jumlah-penonton-racun-sangga-di-bioskop,2024-12-12
Sabrina (2018),1,809423,4320,,,,,,,,,,,2018-07-12 00:00:00+00:00,True,sabrina-2018,1337510,1,filmindonesia.or.id,2018-08-30,Hitmaker Studios,2018,Horror,1,Libur Sekolah,https://filmindonesia.or.id,2018-07-12
Santet Segoro Pitu (2024),3,3773589,7019,425.0,369.0,-0.231,0.299,-0.209,0.306,0.186,0.292,0.417,0.447,2024-11-07 00:00:00+00:00,False,santet-segoro-pitu-2024,1025000,1,IDN Times / Hitmaker Official,2024-12-15,Hitmaker Studios (ko-produksi),2024,Horror,0,Reguler,https://jogja.idntimes.com/news/jogja/9-film-hitmaker-studio-tembus-1-juta-penonton-ada-santet-segoro-pitu-c1c2-01-kgdt4-pvzr5g,2024-11-07
Suzzanna: Bernapas dalam Kubur (2018),1,9647484,52629,500.0,438.0,-0.092,0.356,-0.082,0.36,0.212,0.302,0.306,0.353,2018-11-15 00:00:00+00:00,False,suzzanna-2018,3346216,1,filmindonesia.or.id,2019-01-10,Soraya Intercine Films,2018,Horror,1,Reguler,https://filmindonesia.or.id,2018-11-15
Suzzanna: Malam Jumat Kliwon (2023),4,4869567,29542,1728.0,1421.0,-0.009,0.433,0.035,0.457,0.362,0.44,0.574,0.586,2023-08-03 00:00:00+00:00,False,suzzanna-2023,2189363,1,Wikipedia EN / filmindonesia.or.id,2023-10-01,Soraya Intercine Films,2023,Horror,1,Agustus / Summer,https://en.wikipedia.org/wiki/List_of_Indonesian_films_of_2023,2023-08-03
Suzzanna: Santet Dosa di Atas Dosa (2026),4,3187674,10417,1215.0,985.0,-0.103,0.374,-0.067,0.394,0.301,0.388,0.522,0.543,2026-03-18 00:00:00+00:00,False,suzzanna-2026,1054864,0,Cinepoint / IDN Times,2026-03-30,Soraya Intercine Films,2026,Horror,1,Lebaran / Idul Fitri,https://www.idntimes.com/hype/entertainment/suzzanna-santet-dosa-di-atas-dosa-raih-1-juta-penonton-00-syg99-4l4x5v,2026-03-18
The Doll 3 (2022),2,6679661,29076,680.0,535.0,-0.406,0.201,-0.363,0.21,0.084,0.215,0.239,0.315,2022-05-26 00:00:00+00:00,False,the-doll-3-2022,1764077,1,Wikipedia EN / filmindonesia.or.id,2022-07-15,Hitmaker Studios,2022,Horror,1,Pasca Lebaran,https://en.wikipedia.org/wiki/List_of_Indonesian_films_of_2022,2022-05-26
