comment_id,llm_qwen3_8b,llm_gemma2_9b
UgyBC5Y0HDnKmb9vbNV4AaABAg.9s0w0Du9tv59uWfKYwmtVv,netral,negatif
UgxLe1LRFEstpR1wrsd4AaABAg,positif,positif
Ugz7NH7xNhGybSTlkxh4AaABAg.AU2oBHKyMR8AUIlLVjMKlI,netral,negatif
UgzL4ONYGJnZ88gQ5YJ4AaABAg,netral,negatif
UgzT8ogguW9upYFtkU14AaABAg,positif,positif
UgxnAeyiTwwuhaSK5QR4AaABAg.AOz92eOtH2fAPDbDRgaUeR,netral,netral
Ugzqh-eLnIFm_K5u6sp4AaABAg,netral,netral
UgwPmbsq8ZyNYNPzwQV4AaABAg,netral,positif
UgxrZ1VLfOdM3A-0N3d4AaABAg,positif,positif
Ugz6eHItkcKfITATo9N4AaABAg,netral,netral
UgxgFkCHATqft6JnhEl4AaABAg,positif,positif
Ugw1znlwtSI3fiouyct4AaABAg,positif,positif
UgxYAVRw5ku-ZjtzqrF4AaABAg.9t_aaqURirq9thA5algOyU,netral,netral
UgwcSuIYLpm07u3gfaV4AaABAg,netral,netral
UgyPcSbYHgU8jKMLsSR4AaABAg.AU2aioZzijKAU6HzxVMvLT,netral,positif
Ugx919LPFiVn2AJLIeF4AaABAg,positif,positif
Ugx1FBCKzDxUVsEo2fl4AaABAg,netral,positif
Ugw0u-lNkbQ9d6Iikdx4AaABAg,netral,negatif
Ugzh1hcppBe8GzW7MT94AaABAg,netral,netral
UgzM0J73j9xr0xU98GV4AaABAg,positif,positif
UgzDSSWvi6pPwigebEJ4AaABAg,negatif,negatif
Ugx4gwaYh9K-g_JWsw94AaABAg,netral,netral
Ugy1Wvq2GJD2M4MRHaR4AaABAg,positif,positif
UgxN7jytJTADa5dW6O54AaABAg,positif,positif
UgwsP4GfKg8PyDFEZDF4AaABAg.9sgbK2Fm-ZX9sgcg4TpbSK,netral,netral
UgzSYvBghhNwnVQSvgV4AaABAg,netral,netral
UgxWh3YwEIpbXyX2JlR4AaABAg,netral,netral
UgxYAVRw5ku-ZjtzqrF4AaABAg.9t_aaqURirq9t_mMIX63WZ,netral,positif
UgwyxIUWO5tG-IGJZUp4AaABAg,netral,netral
Ugz3VR6Nx2NZdMAHFUt4AaABAg,positif,positif
Ugx0FzWL3Jdx4BBHd454AaABAg,negatif,negatif
UgxjxjEFy5ZQavLHKEF4AaABAg.AU2lw8-8NqwAXVyNgDhdH6,netral,netral
UgxKlBH6h78Mz9x6Uu14AaABAg.9iZLpZR4UGj9ig1iMRWAmg,netral,netral
Ugw9gYOq-iXzUFBtzcl4AaABAg,positif,positif
UgyavJ8aMMLDi1dg3o94AaABAg,netral,positif
UgwgbQeWJDqAsstL3Up4AaABAg,positif,positif
UgyvJMb6ZAEkTQ7skJJ4AaABAg,positif,positif
UgwAKkOLEY-Ezcb98ZV4AaABAg,negatif,negatif
Ugx-yF_EaQJo_gK8x114AaABAg,netral,negatif
UgzHW-ktZv0D85DO0WJ4AaABAg,positif,positif
Ugz-tXlDxcY71PWsMDd4AaABAg,netral,netral
UgzyFtoOsR1Man-Lmmx4AaABAg,netral,netral
UgzxhzClnhdgIw6O89p4AaABAg,netral,negatif
UgzUhOCPDw-oLyt4Ti94AaABAg,netral,negatif
Ugx6iT-5PS7WkogYGId4AaABAg,netral,netral
UgyEK7XCj_Pslrihlzh4AaABAg,netral,negatif
Ugy9Bqkz1fia68lLeBt4AaABAg,positif,positif
UgzBtOG5x3MTrk7w0-F4AaABAg.AQct6fL8Yp2AQn9CFB7JwS,netral,negatif
UgwZDtJ4XDE4VllyX5Z4AaABAg.AU3-3kdb_CeAV57TkmY8jn,netral,netral
UgwaIYpYQ1Y6-qifVzF4AaABAg,netral,negatif
UgwnbmmoxZj_g68G_HN4AaABAg,netral,netral
UgxYptgi3DG6jdh1CQN4AaABAg,positif,positif
UgxSvil5nSFBooiBeG54AaABAg,positif,positif
UgxHb7xaw7NbXdEC0Gp4AaABAg,positif,positif
Ugy9eKmy8eG9rwo80Gh4AaABAg,positif,positif
Ugy6lsG7QysVLiDGflR4AaABAg,positif,positif
UgzBtOG5x3MTrk7w0-F4AaABAg.AQct6fL8Yp2AQsV1HW1fEe,netral,netral
Ugz8l1oqlHFXpFIspmh4AaABAg,netral,netral
UgwpCPD6i-Whlt1yURh4AaABAg,netral,netral
Ugysr194_Jkum2WGVvh4AaABAg,positif,negatif
UgwKHbJ7hq6QpbCs3SN4AaABAg,netral,netral
UgwU4uXmXhjKMgey4oh4AaABAg,netral,negatif
UgzWxvc3pkZJaagYOGJ4AaABAg,netral,positif
Ugxoi2HYCD3xzrn_coh4AaABAg.AU2h2jYzb9tAUEA0x0M2Es,netral,positif
UgyRvNChdPNbbsPe2Nd4AaABAg.AU2fNgwq8RlAU4dfE-2fw-,netral,netral
UgxLUqh82SJ_AbUVQtB4AaABAg.9q0LhRX2NJH9q1c3sLJeAM,netral,netral
Ugy6c4VSD0OBz2oT1aJ4AaABAg,netral,positif
UgxYz19ajTo1UgAlsNR4AaABAg,positif,positif
UgxNuz0XCBsajJFseNV4AaABAg,negatif,positif
UgygLY4yFXLXNSUYdWJ4AaABAg,positif,positif
UgyrmRpyjVqFsxIMqxB4AaABAg,netral,netral
Ugw4_waVPxFLKztZam54AaABAg.AUbDkiDKO9cAUbO9zC-jpF,netral,netral
UgyeucQnr5JMQeiahSx4AaABAg,positif,positif
UgwEG5Up140ztAosypR4AaABAg,netral,netral
UgwQn52PALlpzQJDG414AaABAg,positif,positif
Ugy2ag9V_kCP_9TwUC14AaABAg,positif,positif
Ugxjh_OViDcWhLwiUdZ4AaABAg,negatif,negatif
UgzBYMYYT9KafJUHne14AaABAg,netral,netral
Ugzgcg4o-g4MKBpxA7Z4AaABAg,netral,netral
Ugxbhd0Jn-LQVx-NqDF4AaABAg,positif,positif
UgxbyOHmcIwtb7gt8xR4AaABAg,netral,netral
Ugz45OsgrqS2ir7X_Al4AaABAg,netral,negatif
UgzekIZGytkChMCw9kJ4AaABAg,negatif,negatif
UgzAHBw_7ix1BlY6N7p4AaABAg,netral,netral
UgwjSWcgFqYdOWdHBfJ4AaABAg,netral,negatif
UgxjOgn4Rss5SSxlol94AaABAg,netral,positif
UgyU6EMTIpgyYr2kfFJ4AaABAg,netral,netral
UgxpbY4rQQUl4OFc7qd4AaABAg,negatif,negatif
Ugx3PBzzPaZdvjLDm6x4AaABAg,netral,negatif
Ugz61KpBT14RBErODnN4AaABAg,positif,positif
UgwpjCcnU6MFAYeC2SJ4AaABAg.A48p43YjUdYA4g-0BhQ1-n,netral,negatif
Ugyg1I7XurSsgVGb-8p4AaABAg,netral,netral
UgwCcQoST9dXjSKdsUR4AaABAg,negatif,negatif
UgxcHxhWXMG7qCLfxwh4AaABAg,netral,netral
Ugzk39YUkyNS1zBp6at4AaABAg,positif,positif
UgyoVOisKcerywOCAmN4AaABAg,negatif,negatif
UgwVNdJRkP-29uVQVJF4AaABAg.9sgM6M1ZBcx9snGfE_aycH,netral,netral
Ugzd_nHoMlKC77QxaVh4AaABAg,netral,positif
UgywwFkNKiXRiOvMutx4AaABAg,netral,negatif
UgwXEb9sDg2vQN5uzQV4AaABAg,positif,positif
UgwebnYNWA00OoVFUmx4AaABAg,netral,netral
UgyDZSf1f6CRDRlv7B14AaABAg,netral,positif
UgxEuXL2ntN7FxYfGFl4AaABAg,netral,negatif
UgwNKFk9_-_ciwSZ2UV4AaABAg,positif,positif
UgxRnvBMULa0z3fCJ7V4AaABAg,positif,positif
UgzY9bFEepni1R1Iv6d4AaABAg,positif,positif
Ugzo6W8NoMYbYP0Y3qt4AaABAg,netral,netral
UgzsEGJoZ4APx1tYbqx4AaABAg,positif,positif
Ugy5hQPW8pN5VyY5Ae94AaABAg,netral,netral
UgwJCHDnPwWOhLVNHg14AaABAg,netral,netral
Ugw_rOFmOnYQKDNsghR4AaABAg,positif,positif
Ugw6jWQiXid8t5BIpNJ4AaABAg,positif,positif
UgwVqPZ2wdrFzc76ivF4AaABAg,positif,netral
UgxKLZBacbOGFFp9lW14AaABAg,positif,positif
UgwNNr1Te3Wye5y83AF4AaABAg,positif,netral
UgxVcSo5lA-H6pkTLUt4AaABAg.9qhhaE5EvW_9qibSK_hUS6,netral,positif
Ugz6Z6I0luHeXjqw0KB4AaABAg,netral,positif
UgyFbOgwvbJa-1ujPb94AaABAg,positif,positif
Ugy8UtHmg-obIKQPH8V4AaABAg.A1clkjDHHYGA1cln0l_tEb,netral,positif
Ugx-V0EoybfUHIAzHOl4AaABAg,netral,negatif
UgzfXPxH6dje1RXZRCF4AaABAg,netral,netral
Ugx1un63x44M-x1C8yx4AaABAg,netral,netral
UgwyfY5vfx1_GXsvQ0x4AaABAg,netral,netral
Ugzu0fpU7smulsWpy0p4AaABAg,netral,netral
Ugw3qHgZCAkWt7UViwl4AaABAg.9eL1e-3K9dE9eLe2EuID08,netral,netral
UgzjqXtkTUFqsU2YH3p4AaABAg,netral,positif
UgzbARXH6bi6-y-KO6J4AaABAg,positif,positif
UgwDGYt9-6LByPu_Y3d4AaABAg,netral,netral
UgwgutzyxRbD5FdJQj94AaABAg.9gCfkgfDH_x9gDRpdWWmo4,netral,netral
UgxW2qQvBaCsGZOzTyh4AaABAg,netral,netral
UgxK4NiwRkd_glGvZKd4AaABAg,netral,netral
Ugzwed79GvdwfK8hszN4AaABAg,netral,netral
UgwpjCcnU6MFAYeC2SJ4AaABAg.A48p43YjUdYA4sFUtfOZyX,netral,netral
UgzziUPDwAWXErv_XDZ4AaABAg.ABeTrx-s_JuAC3_hPxklY6,netral,netral
UgzpIbG7SDk5bhqpjUF4AaABAg,positif,positif
Ugy8Cuzq2IqGKTR1nCV4AaABAg,netral,positif
UgzDlZSoYINvz0bCYeB4AaABAg,positif,positif
Ugx8BaRsC7KIhrM8nsF4AaABAg.AUWhrXPSQOVAUoXOOAN_z6,negatif,negatif
Ugy36hrxqkhlRV29ExN4AaABAg,netral,netral
UgwZDtJ4XDE4VllyX5Z4AaABAg.AU3-3kdb_CeAXP5Yl6-RgI,netral,negatif
Ugxu_6lVWeQSRRny3rF4AaABAg.A4iYrai65TpA4pIeF5gu5w,netral,positif
Ugy0odzgthMz-Q7Ghbd4AaABAg,netral,netral
Ugxoi2HYCD3xzrn_coh4AaABAg,netral,negatif
Ugzf_KzEgqRxjVt5SUp4AaABAg.9sfhYjUygOs9sk-7frkE_u,netral,negatif
Ugwj6dsFkQ5sX2NlGpR4AaABAg,positif,positif
Ugzgtui4FN8NPUeb1ul4AaABAg,positif,positif
Ugy1abK3OfgwARnwvmF4AaABAg,netral,netral
UgyQIKfv5I02tOeyqA94AaABAg,positif,positif
UgwoDHTd_UCnDEZZqKp4AaABAg.APS58OGh8qNAPXsafinlQz,netral,netral
UgwXJRq3YFGzgvj17Rx4AaABAg.AM4IY8eCHT0APRW3ZQVvZQ,netral,netral
UgwePzLLKLAdr5-vexR4AaABAg,netral,negatif
UgwnX0XxBuhEriM6wZV4AaABAg.ADn-fJ4RzN0ALGsKONKBb4,netral,netral
UgwMxVPyT7R-8wa_v254AaABAg,positif,positif
UgwnX0XxBuhEriM6wZV4AaABAg.ADn-fJ4RzN0AMeOmaqyoSy,netral,positif
UgyFJqdvim7w-CvEcSt4AaABAg,netral,netral
UgyOdavQ6Y8xIT8IxbB4AaABAg,positif,positif
UgwszsNuQQTBAdzApQF4AaABAg,positif,positif
UgxoPNhRViI6lfYrwGh4AaABAg,negatif,negatif
Ugw7NT9f2gMpz8MobnN4AaABAg,netral,netral
UgwbIVuiHwNOIsuEBgh4AaABAg,positif,positif
UgxQ7dvpQmAx-9PblQN4AaABAg,positif,positif
UgwHcG942oLxltzVQO14AaABAg,positif,positif
UgzU2h0dvFr4oS3kSEd4AaABAg,netral,netral
Ugzm_BPgvYab9qN97IJ4AaABAg.A5q229bmzedA5zlV55Jicm,netral,negatif
UgwbDGHF5wb0Y-BWqwN4AaABAg.9sk-gs8Wfz99tFLunIATqq,positif,positif
UgxVFbSis2REL3-s5ht4AaABAg,positif,positif
UgysJ1W5qwDmNN6Yl-V4AaABAg,positif,netral
UgyrV-6jOQDw70PLdBB4AaABAg,positif,netral
UgxtD5UaJiMqcJlGb894AaABAg.AOwr_MoUyDJASZVyRhNXRD,netral,netral
UgzF6b5Lluit02yB5Nt4AaABAg.9rOMQsyDJ9a9rQdPFi-l1C,netral,netral
UgyGOFM-pevEnopEpMZ4AaABAg,netral,netral
UgxXGkdQLmT3k_5I_vh4AaABAg,negatif,positif
UgyUWqcyMcbJQA5AS894AaABAg,positif,netral
UgxKlBH6h78Mz9x6Uu14AaABAg.9iZLpZR4UGj9jHldz9nyPZ,netral,negatif
UgxQ6Ss83rcGgaDOD294AaABAg,positif,positif
Ugz2EtfHvz7onzJzKU94AaABAg,positif,positif
Ugy8wvYV1jAeZ9r7meh4AaABAg.9shiqhU5Ely9slHzvIhbXi,netral,negatif
Ugw0gM2-jKI2lDjrxX14AaABAg.9ezA-UQFeQT9f46pmsAmGX,netral,netral
Ugxclg_6agvQcEVSn9B4AaABAg,netral,netral
UgwtTdWSfB6CRrTM8HV4AaABAg,netral,positif
UgztWNgfkDaaIY8nc1B4AaABAg,positif,positif
UgyJJfY4hn6X4zAHzj54AaABAg.AUoCspg4BudAUzjZczDVYN,netral,negatif
UgzGAol2EIKLjwEYuYt4AaABAg,positif,positif
UgxjxjEFy5ZQavLHKEF4AaABAg.AU2lw8-8NqwAVa1Q-34rxv,positif,positif
Ugxy3sNPBQvUACXsHM54AaABAg,netral,netral
Ugw-NYFSJlUq_dXgDvR4AaABAg,netral,netral
Ugy3mkoivoJsHFis-zJ4AaABAg,positif,positif
UgyQFe5DlrHPX1X4ITF4AaABAg,netral,netral
UgzW46wcpwKcfe_imJd4AaABAg,positif,netral
Ugx4d2lx_pPwzRcsdZV4AaABAg,netral,netral
UgxemeNVpv3uFSEpk7h4AaABAg,negatif,negatif
UgxMPiT9mK3y866421R4AaABAg.AC0XF1ZGW_YACj_WOy91e5,positif,positif
UgwKAXhvhPADMkWKsbV4AaABAg,positif,positif
UgzOqFQpBFykHW-9-S94AaABAg,positif,positif
UgyJJbjD4fO6e4xKnCJ4AaABAg,netral,netral
UgwcCguIG61JDmjLuWN4AaABAg,netral,netral
UgzaTUKL6mfAiZh7dVZ4AaABAg,positif,positif
Ugw4MewDX_pvMNAjD5N4AaABAg,positif,positif
UgzI1TRYdtC36cKUQD94AaABAg.9sjBdemJ5Qd9skrnopEXjO,netral,netral
Ugy9w6KTCUrWz-ilovp4AaABAg,positif,positif
UgzNuwt_wBv7EFveJFZ4AaABAg,positif,positif
UgyYP9oDUzmjcsgX1ql4AaABAg.AB8_zUzf-jbAB8r37K6bXa,netral,netral
UgxtrRFuu7Tn5iU_ihR4AaABAg,positif,positif
UgyUhbZ342WuY5DR4194AaABAg,positif,positif
UgxnVOVl7lJu2QKavfJ4AaABAg.9sgfc6eEfeU9sgyrS03kxk,netral,netral
UgzeylkQfcBA1j1kGeh4AaABAg,netral,netral
UgwjOvZYS-C6RJv12WR4AaABAg,positif,positif
UgwbSEzdLG4BocNfDrV4AaABAg.ASUWt7NP-0TASVsBNImZ6V,netral,positif
UgzGP0D38BRnPY57Wvh4AaABAg,positif,netral
Ugz5wiZG5I8Fj5TL-rd4AaABAg.9qBbptPXz1l9qCk2bJ1nzP,positif,positif
UgxUEXRo8XbYpf0Uyml4AaABAg,netral,netral
Ugz-6Fak2VYKqcmBOUB4AaABAg,positif,positif
UgyIq4Fzoa9RfzOIyN14AaABAg,negatif,negatif
UgziWasmeb2eJxiIniB4AaABAg,positif,positif
UgwxXI4nPWzowmwp2oN4AaABAg,positif,netral
UgyhSLUCVjxXUL7il8h4AaABAg,netral,netral
UgyCkgUS4p2dae0k4fN4AaABAg,negatif,negatif
UgyYIpkgv9WP-7T36ip4AaABAg,positif,positif
Ugw3qHgZCAkWt7UViwl4AaABAg.9eL1e-3K9dE9eLdcCG1mP0,netral,netral
Ugz3jYNz_pOqSof5agl4AaABAg,positif,positif
UgxhY8_Igf5c-R090N54AaABAg,netral,netral
UgxtLBFQpfMd4gYdz414AaABAg,positif,positif
UgxgnDAe8KZbOm7S-L14AaABAg,netral,positif
Ugwtad6i440hjW9dEz54AaABAg,netral,netral
UgwFNN_RSTjekpjMxs94AaABAg,netral,positif
UgwmUDRaa-QnHC9X1CB4AaABAg,netral,netral
UgzxdNSRlJnIRbMfIQB4AaABAg.9ekWhKQp8ia9eoRfQtBEge,netral,netral
UgwX-eUeFiNqi72xgdF4AaABAg,positif,positif
Ugw_UvJycT3lVwnGdnd4AaABAg,netral,negatif
UgzkNgIQ7sMJwSY2_UJ4AaABAg.9sjDx3sfUli9swNP-J9zF4,negatif,negatif
UgwuNOmagPWoUBFs6ZN4AaABAg,netral,negatif
Ugysya-1FpmSx2WMAIZ4AaABAg,positif,positif
UgzgB3fx6pVzGTo2UhV4AaABAg.AQcRoSDCkZBAQcn85c_iUJ,positif,positif
UgxygGeQM-bbRn1dbjR4AaABAg,netral,positif
Ugx1pZzvPAqATpEBpuN4AaABAg,netral,netral
UgwLy5GZb-CIeFAnCCd4AaABAg,netral,negatif
UgwJhMlzKlm3Tu5ecQB4AaABAg.9esYLkG0VNg9gWd2GpiroX,netral,negatif
Ugz5C6xuebbet4H5G-Z4AaABAg,netral,negatif
Ugz5EIUJUTQlnGVNvyN4AaABAg,netral,positif
UgzXbhYDo8CBLAJozN54AaABAg,positif,negatif
UgwWZCSJ486YMWHRwsJ4AaABAg,netral,netral
UgxETfh4PP9bCbMpXlV4AaABAg,netral,netral
UgxTa91I_8TXZxQMd4V4AaABAg,netral,netral
UgwO6gRfVNzRU9yns7l4AaABAg.9tgMC_qX3079ti4YJFHSDf,netral,netral
UgwzAZY4m9-igC6KpZ94AaABAg,positif,positif
UgxDiWBaeW9nFOFMBC54AaABAg,netral,netral
UgwMQ43GT_fVf60-qep4AaABAg,positif,positif
UgynfkpfiDaSMt8T3uJ4AaABAg,netral,netral
Ugx5PKuAWxxCzagTe6x4AaABAg,negatif,negatif
UgxVf_SDmTZUjjLSig54AaABAg,netral,negatif
UgyMRdH4n3z2ZRA3mFN4AaABAg,netral,netral
UgwJD2vVV1CnS5LLHRR4AaABAg,netral,positif
UgyaiopRAlmSv2aTT2l4AaABAg,netral,netral
UgwQEqgxlutN7R9uFah4AaABAg,positif,positif
UgwECkhSEGF69B4Nepl4AaABAg,netral,positif
UgyVr0vKQU7gmJdA46B4AaABAg.A3tAEt-8UjRA4h5ORM1Z9C,netral,netral
Ugx_6wgYJnAdddIjXMJ4AaABAg.ABpueh_hNueABumcjGRxHS,netral,negatif
UgwFyNk4ocEJR3iM3Zp4AaABAg.AQcjh9abKI4AQczJvEcaRf,netral,negatif
UgzNB39L51_zs1My_uR4AaABAg,positif,positif
Ugz6DzjzTuQ-WWxoNKp4AaABAg,positif,positif
Ugx3_ftPp8hld1Aijad4AaABAg,negatif,negatif
UgwORWxtnPWHq1lWoTN4AaABAg.9u6h7FSX5cvAH039phAcAm,netral,netral
UgzziUPDwAWXErv_XDZ4AaABAg.ABeTrx-s_JuAC3VXHHuCtd,netral,negatif
UgyFcSMrUbhkNczZDsN4AaABAg,netral,netral
UgxclRFIZXT-bAY5wSR4AaABAg,netral,netral
UgyIPqHJHCN_BRtl1TN4AaABAg,netral,netral
UgwPJzSh0bdab_7ucuN4AaABAg,positif,positif
UgyRvNChdPNbbsPe2Nd4AaABAg.AU2fNgwq8RlAU6HgOkULSz,netral,positif
Ugxg42M3o_Xs6J9DSit4AaABAg,positif,positif
UgwfABgNYpjNZPvWYDl4AaABAg,positif,positif
UgyrV-6jOQDw70PLdBB4AaABAg.9sIfDrzXHDG9sLZBazX8B4,netral,netral
Ugz0eJ5YA5_vvQFOTFl4AaABAg,positif,positif
UgzYyGsMY7WFaAGJ1rd4AaABAg,netral,negatif
UgxJJdKwD5ZonYqJgdF4AaABAg.9sflDrNxqFS9sfu5ohkKDc,positif,positif
UgxjpYbGrAlGLFNTPfF4AaABAg,positif,negatif
UgwdXds9Ao8XsR67kb94AaABAg,netral,netral
UgwAKJK0YL2K43Dzqgl4AaABAg,netral,netral
UgxRJnNCFgnN9op0QrR4AaABAg.9ruhLUYBwHW9sAVsAHLUnd,netral,negatif
UgzNNESCVJeXqHeN4Zx4AaABAg.9sfn2xklCW99shC9971WYY,netral,negatif
Ugw8uTn9b4Pp9ruf8HN4AaABAg.9irHjlR9V0d9j56vQ7Mf40,positif,positif
UgwPUOumQjpjmgg-K794AaABAg,netral,netral
Ugz_0Lh7gljvlL0PHe94AaABAg,netral,negatif
UgwhQxjwy6FY7PaW4-14AaABAg.AU2l2lu8tFcAUUGoZJRv47,netral,negatif
Ugy5o7ojD8UIK0yyQ454AaABAg.9pzEXc3wA0V9qA1b88YNQR,netral,netral
UgyJZRUPI4UOHP0co4R4AaABAg,positif,positif
Ugz1BiedKD4ArdpXwyd4AaABAg,positif,positif
UgwGDLlfBqVYJRIw71t4AaABAg,netral,netral
UgwpCPD6i-Whlt1yURh4AaABAg.AOwj1vSGvGsAOyM1X6lvVR,netral,positif
Ugy5JxgtyYlOV6Y-rR54AaABAg,netral,positif
Ugw5dQ64T8Rhl5t4kOd4AaABAg,negatif,negatif
UgzsrVJOpTJFKhU6BM14AaABAg,netral,positif
UgzSKpDqIMHsFMc_LTF4AaABAg,positif,positif
UgwnQTyBNB6vE-RG9XB4AaABAg,netral,positif
UgyikUq-xyTPptrvzE14AaABAg.AOxdnjOy1JCAOxxbMR04Du,netral,netral
UgyUjNlzk5z9oDEbaRJ4AaABAg,positif,positif
Ugx_eMk6t4SE3KVKbtl4AaABAg,netral,netral
Ugzf_KzEgqRxjVt5SUp4AaABAg.9sfhYjUygOs9snyI3HlW27,netral,netral
UgzyrR8OlB2KCzTWbGl4AaABAg.AA_X3B8s4EbACFJGny7UfZ,netral,negatif
Ugw5ry-XO5B8J1lYcB54AaABAg,positif,netral
UgxQkv0bAOqk87B7OqV4AaABAg.AAExn7XABY1AAGIDXOj0DB,netral,netral
