film,n,indobert_positif,indobert_netral,indobert_negatif,gabungan_positif,gabungan_netral,gabungan_negatif,lexicon_positif,lexicon_netral,lexicon_negatif,emoji_positif,emoji_netral,emoji_negatif,pct_beremoji,agreement_indobert_vs_lexicon
IVANNA (2022),500,0.594,0.076,0.33,0.606,0.074,0.32,0.524,0.386,0.09,0.63,0.364,0.006,0.308,0.526
Suzzanna: Malam Jumat Kliwon (2023),1848,0.427,0.131,0.441,0.451,0.131,0.418,0.433,0.489,0.077,0.576,0.413,0.011,0.3,0.446
Indigo: What Do You See? (2023),793,0.41,0.156,0.434,0.431,0.161,0.407,0.427,0.492,0.081,0.573,0.418,0.009,0.284,0.482
Suzzanna: Santet Dosa di Atas Dosa (2026),1335,0.377,0.146,0.477,0.395,0.142,0.463,0.39,0.522,0.088,0.536,0.442,0.021,0.279,0.446
Racun Sangga: Santet Pemisah Rumah Tangga (2024),294,0.364,0.16,0.476,0.378,0.153,0.469,0.361,0.551,0.088,0.507,0.493,0.0,0.248,0.466
Suzzanna: Bernapas dalam Kubur (2018),500,0.356,0.196,0.448,0.36,0.198,0.442,0.302,0.608,0.09,0.353,0.6,0.047,0.17,0.482
Santet Segoro Pitu (2024),425,0.299,0.172,0.529,0.306,0.179,0.515,0.292,0.602,0.106,0.447,0.524,0.029,0.242,0.405
Siccin 8,43,0.233,0.163,0.605,0.233,0.163,0.605,0.093,0.698,0.209,0.154,0.846,0.0,0.302,0.326
The Doll 3 (2022),680,0.201,0.191,0.607,0.21,0.216,0.574,0.215,0.654,0.131,0.315,0.609,0.076,0.271,0.39
Catatan Harian Menantu Sinting (2024),345,0.174,0.113,0.713,0.18,0.119,0.701,0.154,0.728,0.119,0.089,0.89,0.021,0.423,0.275
Mata Batin (2017),105,0.162,0.238,0.6,0.171,0.248,0.581,0.181,0.733,0.086,0.467,0.533,0.0,0.143,0.39
